name;id;error;errorDescription;failures;hash;httpRequests;httpRequestsMax;httpRequestsMin;httpRequestsStd;replication;results;resultsMax;resultsMin;time;timeMax;timeMin;times;timestamps;timestampsMax;timestampsMin;timestampsStd;timeStd;timestampsAll
interactive-discover-1;0;false;;0;d632b8166f912f4afd062d64186f2dc6;53;53;53;0;6;6;6;6;3095.1666666666665;5498;1767;3433 3860 2010 5498 1767 2003;945.8333333333334 947.5 951.1666666666666 952 2291.8333333333335 2294.6666666666665;1770 1770 1773 1773 2847 2853;496 500 505 506 1767 1767;456.6422438724749 455.9845574870564 455.168253384272 454.876906426343 402.0893004738569 404.46494148305226;1329.6083905504743;"[[1126,1130,1133,1133,2758,2762],[1156,1156,1158,1160,2367,2374],[547,547,551,552,2010,2010],[1770,1770,1773,1773,2847,2853],[496,500,505,506,1767,1767],[580,582,587,588,2002,2002]]"
interactive-discover-1;1;false;;0;e00f199d535cd1710bf9be67f04f39e4;52;52;52;0;6;4;4;4;4089.6666666666665;6350;2758;6350 3340 3039 2758 5243 3808;1514.1666666666667 1562.3333333333333 1639.5 1667.1666666666667;2419 2528 2697 2700;980 992 1026 1083;467.112911641524 500.3754146194191 546.3453578095086 529.9300006185304;1288.2712792299956;"[[2419,2528,2697,2700],[1329,1336,1431,1438],[1145,1199,1211,1259],[980,992,1026,1083],[1700,1805,1895,1903],[1512,1514,1577,1620]]"
interactive-discover-1;2;false;;0;c4499554f796e968a069e67a8f5d9d1c;45;45;45;0;6;1;1;1;3183.6666666666665;5061;1985;2356 5061 3694 3264 1985 2742;1415.8333333333333;2216;903;430.29773284191134;1008.9745068908111;"[[1058],[2216],[1644],[1424],[903],[1250]]"
interactive-discover-1;3;false;;0;6c0a9fe8be642ee232c10c9996912b97;32;32;32;0;6;14;14;14;2262;3116;1412;2287 3116 2378 1718 2661 1412;1211.1666666666667 1211.1666666666667 1219.3333333333333 1219.8333333333333 1221.8333333333333 1224 1224.5 1226.1666666666667 1228.3333333333333 1228.8333333333333 1230.6666666666667 1231.6666666666667 1231.8333333333333 1232.6666666666667;1558 1558 1573 1573 1575 1575 1576 1577 1583 1583 1586 1586 1586 1587;836 836 846 847 847 851 851 853 853 853 854 855 855 856;234.11494090628977 234.11494090628977 235.22518761580125 235.00951517379508 235.03504466828392 234.2064616244963 234.55827278809275 234.17188606282826 236.01812548097988 235.96003663520838 236.4358028913745 236.74435344668498 236.71038328631798 236.5732209885322;565.8377270325242;"[[1251,1251,1253,1255,1255,1264,1264,1266,1267,1269,1270,1271,1271,1272],[1558,1558,1573,1573,1575,1575,1576,1577,1583,1583,1586,1586,1586,1587],[1164,1164,1173,1173,1175,1175,1176,1178,1178,1178,1183,1183,1184,1185],[1051,1051,1057,1057,1063,1063,1063,1065,1067,1068,1068,1068,1068,1069],[1407,1407,1414,1414,1416,1416,1417,1418,1422,1422,1423,1427,1427,1427],[836,836,846,847,847,851,851,853,853,853,854,855,855,856]]"
interactive-discover-1;4;false;;0;7536d3a2c1abc2a9ac92b1860efa3282;47;47;47;0;6;8;8;8;2718;3294;2245;3294 2558 2434 2546 2245 3231;994.8333333333334 995 998 998.1666666666666 998.1666666666666 999 1002 1006.1666666666666;1210 1210 1213 1213 1213 1214 1217 1226;835 835 837 837 837 838 840 843;142.2877561688129 142.13139460841623 141.6803914920245 141.87014798360113 141.87014798360113 141.95656612734285 142.33645585958178 144.80494543427108;398.8554458280176;"[[1210,1210,1213,1213,1213,1214,1217,1226],[984,984,986,986,986,987,990,992],[861,862,868,868,868,869,872,875],[922,922,925,925,925,925,928,929],[835,835,837,837,837,838,840,843],[1157,1157,1159,1160,1160,1161,1165,1172]]"
interactive-discover-2;0;false;;0;18ff3becda1d7305aaa0da5860ca7511;53;53;53;0;6;66;66;66;3084.6666666666665;4248;2518;2601 2518 2593 2914 4248 3634;1058.1666666666667 1058.3333333333333 1063.5 1068.3333333333333 1071.6666666666667 1074.1666666666667 1076.3333333333333 1079.3333333333333 1087 1089.3333333333333 1092 1096.1666666666667 1099.3333333333333 1105.5 1110.6666666666667 1114.8333333333333 1119 1123.8333333333333 1129.8333333333333 1133.5 1138.6666666666667 1143.6666666666667 1148.6666666666667 1155 1159.6666666666667 1165.3333333333333 1167.8333333333333 1171.1666666666667 1176.8333333333333 1182.5 1189.6666666666667 1193.8333333333333 1200 1206 1212.6666666666667 1216.6666666666667 1223.3333333333333 1227.3333333333333 1235 1240 1245.6666666666667 1251.8333333333333 1258.8333333333333 1266 1271.3333333333333 1279 1286.1666666666667 1292.5 1296.8333333333333 1304.5 1316 1320.8333333333333 1326.3333333333333 1331.5 1341.8333333333333 1351.1666666666667 1356.6666666666667 1364.8333333333333 1369.1666666666667 1374.6666666666667 1378.5 1384.1666666666667 1389.1666666666667 1395.5 2483.3333333333335 2507.8333333333335;1448 1449 1452 1459 1459 1459 1461 1463 1474 1477 1479 1482 1484 1487 1494 1497 1499 1502 1505 1508 1511 1520 1524 1528 1533 1543 1547 1547 1550 1555 1559 1565 1572 1575 1579 1582 1588 1592 1597 1601 1603 1609 1620 1626 1631 1634 1637 1647 1653 1658 1666 1672 1678 1678 1694 1701 1706 1710 1714 1721 1724 1728 1733 1741 2654 2661;834 834 838 841 841 841 847 851 855 855 860 864 868 880 890 894 905 910 919 921 926 934 939 947 950 958 959 963 967 975 986 988 991 999 1008 1014 1021 1029 1035 1039 1046 1060 1064 1070 1075 1087 1092 1099 1104 1104 1123 1123 1131 1140 1149 1158 1163 1177 1180 1185 1189 1194 1198 1210 2334 2353;211.81943306085546 212.12627266690836 210.66462288038144 212.4301192287844 210.29001138639205 209.32225289145813 208.74040230764038 207.8305934061575 209.16261616264032 209.3741998326335 208.89311461446817 208.88626623649105 208.37279626242537 206.11707838022545 206.1873473863569 205.37235830450885 203.88231899799453 202.69058247047943 201.68987469765446 201.55541008202516 200.02722036985088 200.9159581074192 200.02138774529976 199.3154952999557 199.57343399249197 200.3419299320262 201.27461892206435 199.9144956113877 198.61807291605888 197.63244504213708 196.09408172836038 197.48706005429543 197.7616410395774 196.2956953170395 195.65332152105728 194.2641386245942 193.4740866943742 192.74911730594832 191.35220580559468 192.30531280579154 190.1960976349293 188.25817084230073 190.53557556413332 190.97992913741837 191.14624999954586 187.98315527372836 186.19650611353825 188.20711109484324 187.9888442316606 188.19825539396834 185.49752918390405 186.93440620234205 186.33631482408958 183.70515325742318 185.51766911956273 185.12465770093644 184.34267607426725 182.2227726956455 182.32244025961867 182.52184039786096 182.53469989748982 182.0324299556416 181.96649569510197 181.59363975646284 95.2499635462164 94.14424511826992;643.0421620875433;"[[910,910,915,919,938,946,948,950,963,966,966,972,975,979,982,990,993,998,1003,1006,1018,1022,1026,1034,1038,1047,1047,1052,1062,1069,1074,1077,1082,1087,1095,1100,1107,1108,1120,1123,1128,1137,1147,1150,1154,1161,1175,1179,1184,1190,1205,1212,1219,1221,1237,1244,1251,1263,1267,1270,1273,1279,1287,1294,2504,2550],[834,834,838,841,841,841,847,851,855,855,860,864,868,880,890,894,905,910,919,921,926,934,939,947,950,958,959,963,967,975,986,988,991,999,1008,1014,1021,1029,1035,1039,1046,1060,1064,1070,1075,1087,1092,1099,1104,1104,1123,1123,1131,1140,1149,1158,1163,1177,1180,1185,1189,1194,1198,1210,2439,2468],[909,909,921,926,926,926,927,931,937,941,945,948,951,956,959,963,965,974,979,984,989,992,1002,1006,1010,1013,1016,1019,1027,1031,1041,1044,1053,1060,1064,1072,1080,1085,1092,1095,1107,1110,1114,1120,1125,1139,1145,1148,1153,1168,1176,1179,1184,1193,1197,1209,1217,1222,1226,1235,1239,1244,1249,1253,2502,2542],[1040,1040,1044,1044,1045,1052,1052,1058,1063,1066,1068,1070,1074,1085,1089,1092,1095,1098,1104,1110,1113,1116,1119,1125,1134,1135,1139,1144,1148,1156,1160,1165,1174,1182,1187,1187,1195,1199,1211,1216,1219,1224,1227,1240,1247,1252,1262,1267,1272,1280,1291,1297,1301,1308,1319,1327,1332,1337,1344,1349,1352,1361,1364,1367,2334,2353],[1448,1449,1452,1459,1459,1459,1461,1463,1474,1477,1479,1482,1484,1487,1494,1497,1499,1502,1505,1508,1511,1520,1524,1528,1533,1543,1547,1547,1550,1555,1559,1565,1572,1575,1579,1582,1588,1592,1597,1601,1603,1609,1620,1626,1631,1634,1637,1647,1653,1658,1666,1672,1678,1678,1694,1701,1706,1710,1714,1721,1724,1728,1733,1741,2654,2661],[1208,1208,1211,1221,1221,1221,1223,1223,1230,1231,1234,1241,1244,1246,1250,1253,1257,1261,1269,1272,1275,1278,1282,1290,1293,1296,1299,1302,1307,1309,1318,1324,1328,1333,1343,1345,1349,1351,1355,1366,1371,1371,1381,1390,1396,1401,1406,1415,1415,1427,1435,1442,1445,1449,1455,1468,1471,1480,1484,1488,1494,1499,1504,1508,2467,2473]]"
interactive-discover-2;1;false;;0;f6a5ba863b07324a44f8e492bf9ab0e1;52;52;52;0;6;46;46;46;4960;10715;2306;2758 7551 3036 3394 10715 2306;1766.5 1820.3333333333333 1924.1666666666667 1956.8333333333333 2057.3333333333335 2057.8333333333335 2058 2108.1666666666665 2108.8333333333335 2109.5 2193.8333333333335 2194.8333333333335 2226.3333333333335 2349.3333333333335 2349.6666666666665 2350.1666666666665 2350.3333333333335 2351 2364.6666666666665 2457.5 2504.8333333333335 2572.5 2646.6666666666665 2646.8333333333335 2708.8333333333335 2762.1666666666665 2861.3333333333335 2892 2892.3333333333335 2974.5 3044 3113 3113 3113.5 3167.5 3254.5 3254.6666666666665 3310.8333333333335 3377.5 3378 3444 3506.8333333333335 3578.1666666666665 3641.5 3706.6666666666665 3769;3212 3219 3489 3498 3761 3761 3761 3762 3762 3763 3990 3991 4004 4279 4280 4281 4281 4281 4282 4494 4648 4654 4937 4937 4938 5093 5294 5304 5305 5552 5561 5826 5826 5826 5828 6017 6017 6199 6210 6211 6466 6468 6717 6718 6957 6971;950 1001 1008 1063 1075 1075 1075 1152 1152 1153 1155 1155 1166 1247 1247 1247 1247 1247 1248 1299 1310 1354 1378 1379 1416 1438 1488 1508 1509 1540 1602 1610 1610 1612 1673 1675 1675 1707 1746 1746 1784 1805 1841 1874 1910 1941;940.9071420708847 942.0374491258591 1051.3501504679061 1032.9368190853795 1124.1261297361411 1124.0974774853332 1124.019276228541 1113.750333582691 1113.3704709374842 1113.554481529006 1204.088371157016 1204.8094478196774 1186.7523845445696 1281.065528725556 1281.5325027308343 1281.5644627650308 1281.7803590665949 1281.6728651779022 1273.714733455738 1357.974318608419 1387.566144569532 1415.0490863099649 1470.817308694576 1470.6735890589575 1501.5359266061166 1523.6577061648577 1603.2196425387951 1588.5866884330444 1588.6946073917277 1668.5611316340794 1691.185185996298 1749.1493170491 1749.1493170491 1749.0697289321163 1751.9950294830558 1830.978950361436 1830.9002036035595 1860.0413451199292 1892.4108741673058 1892.3792784041293 1941.43623811514 1972.8057360577147 2017.7708340861923 2047.3804197884997 2093.9309656454507 2125.9531979796734;3105.9072211942625;"[[950,1001,1008,1063,1075,1075,1075,1152,1152,1153,1155,1155,1166,1247,1247,1247,1247,1247,1248,1299,1310,1370,1378,1379,1432,1438,1499,1508,1509,1540,1602,1610,1610,1612,1673,1675,1675,1744,1746,1746,1796,1805,1873,1874,1939,1941],[2951,3064,3304,3310,3495,3496,3496,3577,3577,3578,3769,3772,3773,4009,4010,4010,4011,4012,4012,4224,4238,4455,4464,4464,4684,4692,4913,4924,4924,5057,5267,5282,5282,5283,5410,5612,5612,5618,5843,5843,5844,6066,6074,6294,6306,6515],[1198,1275,1286,1365,1380,1381,1381,1453,1456,1456,1461,1462,1531,1547,1547,1547,1547,1548,1626,1627,1709,1710,1791,1791,1793,1870,1878,1961,1961,1961,2039,2051,2051,2051,2132,2145,2145,2206,2215,2215,2296,2300,2386,2388,2459,2466],[1309,1317,1411,1417,1530,1530,1531,1532,1533,1533,1613,1614,1615,1720,1720,1721,1721,1722,1723,1795,1803,1892,1903,1903,1990,1998,2096,2098,2098,2179,2185,2287,2287,2287,2288,2389,2390,2391,2470,2470,2478,2569,2578,2667,2669,2759],[3212,3219,3489,3498,3761,3761,3761,3762,3762,3763,3990,3991,4004,4279,4280,4281,4281,4281,4282,4494,4648,4654,4937,4937,4938,5093,5294,5304,5305,5552,5561,5826,5826,5826,5828,6017,6017,6199,6210,6211,6466,6468,6717,6718,6957,6971],[979,1046,1047,1088,1103,1104,1104,1173,1173,1174,1175,1175,1269,1294,1294,1295,1295,1296,1297,1306,1321,1354,1407,1407,1416,1482,1488,1557,1557,1558,1610,1622,1622,1622,1674,1689,1689,1707,1781,1783,1784,1833,1841,1908,1910,1962]]"
interactive-discover-2;2;false;;0;113587781a953fec190d8e3339b06c26;45;45;45;0;6;32;32;32;2380.3333333333335;3721;1520;2901 1868 1643 2629 1520 3721;1071 1096.6666666666667 1144.1666666666667 1171.1666666666667 1212.3333333333333 1251 1283.8333333333333 1344 1345.3333333333333 1345.6666666666667 1346.5 1363.1666666666667 1398 1441 1471.3333333333333 1517.6666666666667 1517.6666666666667 1542 1585.5 1621.8333333333333 1658.8333333333333 1693.3333333333333 1737.5 1773.8333333333333 1805.3333333333333 1845 1884.6666666666667 1906.8333333333333 1963.6666666666667 1986.6666666666667 2040.6666666666667 2042.8333333333333;1585 1592 1707 1710 1818 1825 1935 1952 1953 1953 1954 2051 2057 2182 2186 2287 2287 2291 2400 2406 2515 2522 2632 2642 2747 2756 2864 2870 2980 2986 3105 3107;736 747 788 795 838 846 858 926 930 930 932 933 933 973 980 1011 1011 1020 1077 1080 1091 1139 1143 1185 1194 1208 1255 1270 1281 1325 1338 1343;299.88442218072396 303.7689180208462 320.762329805453 331.15525898822074 347.0497882949297 353.9755170441406 375.3164960699466 372.04883192039904 371.6520176485286 371.5219449178683 371.46590242802455 398.6382724002077 405.3870578430775 426.8891347098604 437.1874756770702 446.43464122857773 446.43464122857773 457.05105477032504 477.3987676286286 475.497429599315 505.8624373834803 503.3562908671705 527.915002628264 527.9025846582766 555.1950608169669 559.1827369772187 574.1514511772037 578.0649953845059 610.9437144469384 598.0082682445861 640.0842826447848 640.3398620177326;782.7979021149429;"[[1298,1369,1379,1460,1476,1554,1564,1661,1662,1662,1663,1664,1743,1753,1838,1854,1854,1931,1941,2029,2039,2123,2133,2216,2230,2312,2322,2371,2454,2464,2555,2559],[900,947,960,971,1009,1058,1064,1126,1127,1127,1128,1128,1138,1195,1202,1263,1263,1264,1278,1337,1343,1393,1404,1450,1467,1482,1543,1549,1561,1625,1626,1626],[788,799,855,857,890,899,951,980,980,981,981,981,1024,1037,1050,1111,1111,1114,1124,1180,1188,1200,1252,1265,1275,1325,1334,1348,1400,1408,1430,1430],[1119,1126,1176,1234,1243,1324,1331,1419,1420,1421,1421,1422,1493,1506,1572,1580,1580,1632,1693,1699,1777,1783,1861,1885,1919,1987,1990,2033,2106,2112,2190,2192],[736,747,788,795,838,846,858,926,930,930,932,933,933,973,980,1011,1011,1020,1077,1080,1091,1139,1143,1185,1194,1208,1255,1270,1281,1325,1338,1343],[1585,1592,1707,1710,1818,1825,1935,1952,1953,1953,1954,2051,2057,2182,2186,2287,2287,2291,2400,2406,2515,2522,2632,2642,2747,2756,2864,2870,2980,2986,3105,3107]]"
interactive-discover-2;3;false;;0;23320e2cdf40e8165aa7fdff74171184;32;32;32;0;6;198;198;198;2637.8333333333335;4021;1617;1617 2118 2843 2137 3091 4021;1424 1425.1666666666667 1427.6666666666667 1431.5 1431.5 1432.5 1436.8333333333333 1437.1666666666667 1439.1666666666667 1439.3333333333333 1440.1666666666667 1441.1666666666667 1441.3333333333333 1461 1496.6666666666667 1569.6666666666667 1654.3333333333333 1654.3333333333333 1655.5 1655.5 1657.1666666666667 1658.3333333333333 1662.8333333333333 1665 1668.1666666666667 1669.8333333333333 1672.5 1674 1675.1666666666667 1677.6666666666667 1679.3333333333333 1680.6666666666667 1682.5 1685 1690 1692.1666666666667 1695.3333333333333 1699.5 1702.3333333333333 1705 1707.8333333333333 1710 1713 1716 1719.8333333333333 1721.8333333333333 1725.5 1728.3333333333333 1729.6666666666667 1732.1666666666667 1734.6666666666667 1737.6666666666667 1740.5 1743 1748.5 1752 1756 1758.3333333333333 1761.5 1763.6666666666667 1766.5 1768.8333333333333 1770.8333333333333 1775 1778.5 1781.5 1784.1666666666667 1789 1791.6666666666667 1794.1666666666667 1797.5 1801 1806.3333333333333 1809.5 1813.6666666666667 1816.1666666666667 1819.5 1823.3333333333333 1826.6666666666667 1830.3333333333333 1834.5 1839.1666666666667 1842.3333333333333 1845.8333333333333 1849 1851.5 1853 1857 1860.1666666666667 1865 1869.1666666666667 1873.6666666666667 1878 1882.5 1885.3333333333333 1888.5 1892.1666666666667 1896 1901.6666666666667 1905.6666666666667 1910.3333333333333 1915.5 1920.3333333333333 1925.8333333333333 1930.1666666666667 1934 1940.8333333333333 1943.5 1947.3333333333333 1950.1666666666667 1955 1959.3333333333333 1963.6666666666667 1966.8333333333333 1971 1975.8333333333333 1978.8333333333333 1982.8333333333333 1987.8333333333333 1992.3333333333333 1996.1666666666667 2001.1666666666667 2006.3333333333333 2010 2013.5 2019.5 2023.5 2027.1666666666667 2030.1666666666667 2034.5 2041 2045.8333333333333 2049.6666666666665 2055 2059.5 2064.3333333333335 2069 2072.1666666666665 2075.5 2080.6666666666665 2085.5 2089 2093.5 2098.1666666666665 2104.5 2110.1666666666665 2114 2118.8333333333335 2123.6666666666665 2128.6666666666665 2134.1666666666665 2140.3333333333335 2145.5 2151.5 2155.6666666666665 2160 2165 2171.6666666666665 2176 2182 2188 2192 2196.3333333333335 2203 2207.8333333333335 2212.5 2216.3333333333335 2221.8333333333335 2227.6666666666665 2232.5 2239.6666666666665 2245.5 2251 2255.6666666666665 2260.5 2265.3333333333335 2269.5 2276.1666666666665 2280.1666666666665 2285 2289.6666666666665 2294.8333333333335 2301.8333333333335 2308.1666666666665 2314.1666666666665 2320.6666666666665 2325.3333333333335 2331.5 2335.6666666666665 2345.3333333333335 2351.8333333333335 2360 2374.8333333333335 2380.8333333333335 2385.6666666666665 2387.8333333333335 2390 2392.1666666666665;2031 2031 2034 2041 2041 2041 2045 2045 2047 2048 2048 2049 2050 2164 2165 2264 2440 2440 2441 2441 2441 2441 2449 2451 2453 2454 2456 2457 2458 2461 2462 2462 2465 2466 2474 2474 2477 2480 2482 2484 2486 2487 2490 2492 2497 2498 2500 2502 2504 2507 2510 2512 2514 2518 2525 2528 2530 2532 2535 2537 2539 2540 2543 2548 2551 2551 2553 2557 2559 2562 2564 2566 2573 2577 2579 2581 2588 2591 2593 2595 2601 2604 2606 2609 2612 2614 2616 2619 2622 2627 2630 2633 2638 2641 2644 2647 2650 2652 2661 2664 2668 2670 2673 2676 2679 2682 2684 2687 2693 2695 2699 2703 2706 2709 2712 2716 2719 2729 2734 2737 2741 2745 2749 2752 2756 2761 2765 2768 2771 2775 2780 2785 2788 2798 2803 2806 2809 2812 2815 2819 2822 2826 2833 2836 2840 2845 2847 2853 2857 2866 2871 2875 2878 2882 2886 2891 2896 2903 2907 2911 2916 2918 2924 2933 2940 2945 2948 2953 2957 2962 2966 2972 2977 2981 2985 2991 2994 3005 3009 3013 3015 3019 3025 3030 3036 3043 3048 3054 3059 3071 3078 3084 3088 3092 3095 3098 3100 3103;778 778 780 781 781 781 787 788 788 788 789 790 790 791 795 885 888 888 891 891 898 898 907 909 910 912 914 916 917 919 923 924 926 931 935 936 938 942 944 946 948 948 955 957 959 961 965 970 970 971 974 976 983 986 989 993 997 999 1006 1009 1011 1014 1016 1019 1023 1026 1028 1034 1038 1040 1045 1048 1052 1055 1064 1068 1068 1072 1078 1083 1085 1093 1096 1102 1104 1107 1107 1111 1115 1123 1127 1130 1135 1142 1146 1147 1151 1157 1166 1169 1172 1178 1184 1190 1193 1196 1199 1203 1207 1209 1213 1219 1223 1226 1230 1233 1235 1239 1244 1250 1253 1258 1262 1264 1267 1272 1275 1281 1284 1288 1293 1296 1299 1302 1307 1311 1317 1320 1322 1325 1332 1336 1337 1341 1348 1352 1355 1360 1364 1367 1371 1375 1378 1383 1388 1391 1397 1401 1404 1409 1416 1418 1422 1427 1431 1435 1438 1442 1450 1455 1460 1464 1469 1474 1479 1484 1489 1493 1496 1499 1504 1508 1513 1519 1525 1530 1534 1539 1543 1551 1556 1562 1593 1607 1616 1616 1617 1617;424.8489927805722 425.3674555278321 425.47137258444184 426.8374983527103 426.8374983527103 427.0529826614023 425.5707605348636 425.38978857304767 425.68040306731945 425.91848463709056 425.68040306731945 425.68040306731945 425.91848463709056 454.0814904838117 461.4002841592344 476.79473803957006 515.7740676777854 515.7740676777854 515.4340403970231 515.4340403970231 513.9356044832422 514.6045947024656 514.2043746302523 514.1494594635559 513.2508862361781 512.9198821995064 513.4003473573686 513.1361092991475 513.2401701174824 513.5210695666624 512.9040412743456 512.4755820741339 512.7480700434993 511.6619978071461 512.3868980890644 511.8816323678313 511.7836999705594 512.3084194766534 513.1541895202866 513.3653669658677 514.206643502612 514.8986955379346 514.4683339785518 514.4939261060329 515.9465142391754 515.5561452343371 515.1746467623059 514.4546195298042 514.7046618099441 515.0949480974897 514.9898596628439 514.8467949033209 513.6158584000303 513.9010929481794 514.9445763057095 514.349751304175 514.6095607351266 514.6424864786126 513.3156111659441 513.5502788324518 512.9989441184715 512.4650936622145 512.8256418012743 512.8394810594572 512.9076427584209 511.9868976188095 512.2660170480004 511.2999771823451 510.7832765034067 511.0539490982228 510.19105898346226 509.50695121198623 510.3363814409298 510.586835579088 510.1289597303368 509.2404201902629 510.9167414233621 510.8465740535237 509.6805099493429 508.42556540319214 509.42901042899655 507.4686908787795 507.7176599471622 507.2137671195012 507.60089309088755 507.5 507.73680846149676 507.1899709839171 507.2374252315729 506.0839851249988 505.51868302654145 506.47266022516516 506.47803506173886 505.46570935458453 504.71466086184665 505.11145634734254 504.791183450037 503.08084174746045 503.40032666744355 504.1939662030433 505.413911781445 505.4145987866463 505.12363723041994 506.06271570055645 505.46461025696175 505.5070062158717 507.70247739749664 507.60507943347716 508.2403193590826 508.0503310587337 508.7779476353117 508.2921294776154 507.5479178253901 507.6942704248515 507.1442924191628 507.02774962410973 507.41318359783367 508.4120430866637 508.92481981351847 507.97758043266265 508.12938531659654 507.86954252270556 507.0488690013573 508.020668870864 508.3039609000373 508.26690822834416 508.2331322008303 507.39446083780706 507.3116782500565 507.10641552505194 507.16663928141014 507.97552981308945 508.3829483983725 509.5210169037845 509.24478396935984 508.3865545909814 507.41863058688205 507.3149635307658 507.58734880478124 509.25719326180257 506.9640848554593 507.35654787010156 508.7667278167209 507.7678001694169 506.47861093370307 507.4624507181678 506.86158531365015 507.30773588512216 506.8907399255013 508.23277693942134 509.4053450402298 509.5882869751053 508.56095996448647 508.0317411343508 507.779698513265 508.31814184950485 508.3328961746754 509.0640649488257 509.11033512720337 509.74307253752846 510.09443570120754 509.89443351867783 510.6233663104561 511.3211645661984 511.84581554300985 512.5468271289951 512.8071979040682 513.3307629805779 512.4524910228806 512.3933222307514 512.6456432620447 513.2552159176433 513.279326163315 512.8890934911974 512.7565211676981 512.8663460287572 512.5318689278421 513.4375705856447 513.6936235626143 513.7311229297546 513.2318081421776 514.3223427211988 514.6679889879385 513.5641526517295 513.9135519607252 514.6758418871264 514.7788090259954 514.6849359883513 514.9189796031561 515.3777471158628 517.7001759920719 517.5245565832279 507.4614654226357 504.58742772905293 502.59548567632623 503.7867990419051 504.230767274932 505.1783238509832;787.7991318998912;"[[778,778,780,781,781,781,787,788,788,788,789,790,790,791,795,885,888,888,891,891,898,898,907,909,910,912,914,916,917,919,923,924,926,931,935,936,938,942,944,946,948,948,955,957,959,961,965,970,970,971,974,976,983,986,989,993,997,999,1006,1009,1011,1014,1016,1019,1023,1026,1028,1034,1038,1040,1045,1048,1052,1055,1064,1068,1068,1072,1078,1083,1085,1093,1096,1102,1104,1107,1107,1111,1115,1123,1127,1130,1135,1142,1146,1147,1151,1157,1166,1169,1172,1178,1184,1190,1193,1196,1199,1203,1207,1209,1213,1219,1223,1226,1230,1233,1235,1239,1244,1250,1253,1258,1262,1264,1267,1272,1275,1281,1284,1288,1293,1296,1299,1302,1307,1311,1317,1320,1322,1325,1332,1336,1337,1341,1348,1352,1355,1360,1364,1367,1371,1375,1378,1383,1388,1391,1397,1401,1404,1409,1416,1418,1422,1427,1431,1435,1438,1442,1450,1455,1460,1464,1469,1474,1479,1484,1489,1493,1496,1499,1504,1508,1513,1519,1525,1530,1534,1539,1543,1551,1556,1562,1593,1607,1616,1616,1617,1617],[1149,1149,1152,1154,1154,1156,1165,1165,1165,1165,1166,1167,1167,1168,1177,1217,1313,1313,1313,1313,1313,1313,1316,1316,1328,1330,1332,1333,1335,1337,1338,1340,1342,1344,1349,1356,1358,1361,1362,1365,1367,1369,1371,1374,1376,1381,1384,1387,1388,1393,1396,1399,1401,1401,1410,1412,1416,1418,1422,1422,1429,1432,1433,1441,1444,1446,1449,1454,1456,1459,1464,1471,1475,1478,1478,1481,1486,1489,1493,1501,1505,1509,1511,1514,1517,1519,1522,1529,1531,1538,1542,1545,1549,1552,1556,1562,1566,1572,1575,1578,1581,1585,1589,1592,1598,1602,1609,1611,1614,1618,1622,1626,1634,1637,1644,1647,1651,1655,1658,1664,1669,1674,1683,1686,1690,1695,1702,1705,1708,1712,1722,1726,1729,1736,1742,1746,1753,1757,1761,1765,1773,1778,1782,1791,1796,1800,1808,1813,1822,1828,1833,1840,1853,1860,1864,1868,1873,1880,1886,1891,1896,1900,1904,1911,1917,1922,1926,1932,1938,1943,1947,1955,1961,1966,1972,1976,1980,1984,1989,1998,2002,2006,2012,2017,2022,2028,2034,2040,2044,2052,2055,2063,2102,2110,2117,2117,2117,2118],[1610,1617,1618,1622,1622,1624,1624,1625,1628,1628,1629,1630,1630,1631,1717,1718,1890,1890,1890,1890,1893,1897,1899,1901,1903,1904,1906,1908,1909,1911,1912,1915,1916,1918,1924,1926,1928,1930,1932,1935,1937,1940,1940,1943,1951,1953,1955,1957,1959,1961,1963,1965,1967,1969,1975,1977,1980,1982,1984,1986,1988,1991,1993,1995,2001,2006,2008,2011,2014,2016,2019,2022,2028,2031,2033,2036,2038,2043,2045,2047,2053,2056,2059,2062,2067,2071,2071,2074,2080,2083,2085,2088,2092,2095,2098,2101,2104,2106,2113,2116,2119,2126,2128,2131,2134,2136,2142,2144,2147,2151,2155,2159,2162,2165,2167,2174,2177,2179,2187,2191,2193,2200,2205,2208,2211,2215,2218,2221,2225,2229,2234,2243,2250,2254,2257,2261,2264,2267,2272,2276,2280,2283,2287,2291,2297,2308,2311,2316,2319,2322,2326,2330,2333,2339,2343,2347,2353,2362,2365,2372,2377,2379,2383,2387,2391,2395,2398,2404,2410,2414,2423,2427,2434,2439,2443,2446,2450,2455,2458,2461,2468,2472,2483,2487,2492,2500,2505,2510,2514,2521,2526,2539,2544,2547,2550,2553,2556,2559],[1189,1189,1192,1198,1198,1198,1202,1202,1208,1208,1209,1210,1210,1210,1264,1315,1369,1369,1370,1370,1370,1370,1373,1378,1379,1381,1383,1385,1385,1388,1389,1391,1392,1395,1400,1400,1407,1410,1412,1414,1415,1417,1417,1421,1423,1423,1428,1430,1433,1434,1436,1441,1443,1447,1449,1456,1458,1461,1463,1465,1467,1469,1471,1474,1476,1482,1484,1491,1494,1496,1498,1501,1507,1510,1512,1515,1517,1521,1524,1526,1530,1538,1541,1543,1546,1548,1550,1553,1555,1558,1565,1569,1573,1579,1582,1584,1588,1593,1596,1599,1603,1606,1611,1614,1621,1626,1628,1630,1633,1636,1640,1644,1648,1651,1655,1664,1666,1669,1673,1677,1681,1686,1692,1695,1698,1707,1710,1714,1717,1723,1728,1732,1735,1740,1744,1754,1758,1761,1764,1767,1774,1774,1780,1785,1796,1800,1803,1806,1810,1814,1818,1826,1831,1839,1843,1848,1851,1858,1863,1868,1872,1880,1883,1891,1895,1898,1902,1907,1912,1917,1928,1933,1938,1943,1947,1953,1957,1969,1973,1977,1982,1986,1994,2007,2013,2019,2023,2032,2036,2050,2054,2064,2069,2072,2076,2079,2083,2086],[1787,1787,1790,1793,1793,1795,1798,1798,1799,1799,1800,1801,1801,1802,1862,2019,2026,2026,2028,2028,2028,2031,2033,2035,2036,2038,2044,2045,2047,2050,2052,2052,2054,2056,2058,2061,2064,2074,2082,2086,2094,2099,2105,2109,2113,2115,2121,2124,2124,2127,2129,2133,2135,2137,2143,2146,2155,2158,2159,2163,2165,2167,2169,2173,2176,2178,2183,2187,2189,2192,2195,2198,2203,2206,2216,2216,2220,2224,2227,2230,2233,2235,2241,2245,2248,2250,2252,2256,2258,2261,2266,2277,2281,2286,2286,2290,2294,2296,2299,2308,2319,2328,2337,2352,2356,2362,2383,2386,2390,2392,2401,2405,2409,2413,2418,2421,2425,2426,2431,2435,2440,2444,2447,2455,2459,2467,2471,2474,2476,2480,2489,2493,2497,2500,2504,2508,2513,2516,2519,2532,2532,2537,2542,2545,2550,2556,2560,2565,2570,2575,2586,2596,2600,2606,2610,2615,2620,2626,2631,2641,2651,2657,2662,2669,2673,2680,2686,2693,2699,2704,2714,2722,2727,2731,2737,2742,2747,2751,2756,2762,2767,2778,2784,2789,2797,2804,2808,2814,2818,2827,2842,2848,2853,2857,2860,2864,2867,2870],[2031,2031,2034,2041,2041,2041,2045,2045,2047,2048,2048,2049,2050,2164,2165,2264,2440,2440,2441,2441,2441,2441,2449,2451,2453,2454,2456,2457,2458,2461,2462,2462,2465,2466,2474,2474,2477,2480,2482,2484,2486,2487,2490,2492,2497,2498,2500,2502,2504,2507,2510,2512,2514,2518,2525,2528,2530,2532,2535,2537,2539,2540,2543,2548,2551,2551,2553,2557,2559,2562,2564,2566,2573,2577,2579,2581,2588,2591,2593,2595,2601,2604,2606,2609,2612,2614,2616,2619,2622,2627,2630,2633,2638,2641,2644,2647,2650,2652,2661,2664,2668,2670,2673,2676,2679,2682,2684,2687,2693,2695,2699,2703,2706,2709,2712,2716,2719,2729,2734,2737,2741,2745,2749,2752,2756,2761,2765,2768,2771,2775,2780,2785,2788,2798,2803,2806,2809,2812,2815,2819,2822,2826,2833,2836,2840,2845,2847,2853,2857,2866,2871,2875,2878,2882,2886,2891,2896,2903,2907,2911,2916,2918,2924,2933,2940,2945,2948,2953,2957,2962,2966,2972,2977,2981,2985,2991,2994,3005,3009,3013,3015,3019,3025,3030,3036,3043,3048,3054,3059,3071,3078,3084,3088,3092,3095,3098,3100,3103]]"
interactive-discover-2;4;false;;0;a7ea80830c1f3358609f53e0ce62fd9a;47;47;47;0;6;98;98;98;3946.5;5588;2360;4675 3824 2360 4566 5588 2666;1288.5 1289.8333333333333 1297.3333333333333 1297.3333333333333 1300.1666666666667 1303.3333333333333 1310.1666666666667 1315.5 1324 1325.3333333333333 1327.8333333333333 1331 1335.8333333333333 1343.6666666666667 1349.5 1358.6666666666667 1365.1666666666667 1368.3333333333333 1372.1666666666667 1376.6666666666667 1380 1387.1666666666667 1390.3333333333333 1395.8333333333333 1402.5 1406.8333333333333 1410.5 1415.5 1420.1666666666667 1424.6666666666667 1428.1666666666667 1433.6666666666667 1440.5 1444.3333333333333 1450.1666666666667 1455.6666666666667 1460 1464.8333333333333 1469.5 1475 1480.1666666666667 1485.8333333333333 1492.8333333333333 1498.5 1504 1512 1516.6666666666667 1522.3333333333333 1529.1666666666667 1536.3333333333333 1541.5 1549.6666666666667 1554.3333333333333 1563.3333333333333 1570 1578.1666666666667 1588.5 1598.6666666666667 1609.1666666666667 1617 1622.3333333333333 1627 1638.8333333333333 1644.8333333333333 1656.3333333333333 1663 1671 1678.5 1685.6666666666667 1692.6666666666667 1698.8333333333333 1707.1666666666667 1713.3333333333333 1719.1666666666667 1726 1734.3333333333333 1739.8333333333333 1751.5 1758.6666666666667 1768.5 1775.6666666666667 1788.3333333333333 1794.1666666666667 1803 1814.5 1823.3333333333333 1832.6666666666667 1841.3333333333333 1853.3333333333333 1863.1666666666667 1873.5 1880.8333333333333 1888.8333333333333 1893.3333333333333 1901.3333333333333 1908.3333333333333 1915.3333333333333 1924.3333333333333;1825 1825 1828 1828 1829 1830 1860 1870 1896 1898 1902 1911 1911 1928 1937 1942 1948 1952 1959 1962 1967 1973 1975 1979 1986 1989 1993 1996 2000 2006 2010 2014 2019 2025 2031 2034 2040 2043 2046 2059 2062 2066 2071 2076 2081 2089 2093 2097 2101 2110 2116 2122 2125 2134 2141 2147 2157 2166 2171 2177 2182 2186 2198 2204 2211 2216 2221 2229 2236 2242 2247 2260 2268 2271 2277 2281 2288 2301 2305 2315 2321 2338 2344 2352 2358 2367 2375 2380 2389 2398 2413 2419 2426 2433 2437 2442 2447 2453;779 779 795 795 796 798 801 805 816 816 818 820 824 831 838 842 846 849 852 856 856 868 872 875 882 887 887 893 896 900 905 913 920 923 928 937 940 947 948 952 958 961 967 973 980 988 992 996 1005 1011 1020 1029 1035 1040 1046 1053 1059 1069 1075 1081 1087 1091 1102 1111 1117 1125 1130 1137 1145 1156 1159 1165 1173 1183 1189 1197 1202 1210 1223 1233 1243 1254 1259 1269 1279 1288 1299 1309 1324 1335 1344 1353 1358 1368 1375 1386 1390 1399;359.8743993858598 359.5883835103069 354.25963485682206 354.25963485682206 356.2547855429064 354.99702659161653 362.008018634333 364.0580310884516 369.6363077404599 370.0475945364626 371.02669116325785 373.05182839207026 371.50209360857656 375.47333090676653 375.7546850450881 379.9287944982439 380.3298641384286 381.21326781154346 382.11491145407496 382.2327679423742 384.1497103994743 382.0032358792556 380.93773186120006 381.39630161931154 381.8200928884353 382.11316677421917 383.28612028092016 381.1826989777999 380.9481227440584 381.48248831222764 381.9098570198063 380.1778823422297 379.3875547071446 380.16736080603005 379.83698989025396 377.6765223780207 378.6814844518631 377.2997997466854 377.68450237378465 380.61660499773257 379.37510754162855 379.08108924374244 379.0177729635145 379.002528575558 377.51203071337125 377.7688887843113 377.5449936394631 377.3970794210728 376.30148226595594 376.3782081305393 375.9294038335744 375.0931736100897 373.25400942997993 372.8045362146526 373.19521254521294 372.2971110402133 373.72394000563213 375.53103141492255 374.611984443756 375.03288744677667 374.7557723223071 373.5331310606865 373.7951384857159 373.1208100453376 374.27426069958676 373.3979110814628 374.3723636523757 375.2771198283565 373.82913506336314 372.8760592416139 372.7319933798129 374.0942023370881 373.7841028662877 372.4483931440107 372.1200523128703 370.6874994145638 370.0564896817181 372.8358664792503 368.0908704231727 368.9108971011835 367.3062603453539 367.81094177428827 367.79859373787104 366.5169391265111 365.5743198493753 365.0354625086293 363.59806869062925 361.57003317322756 359.3316326490367 359.6365835426399 360.0234946037087 358.9611941267313 360.37129772253263 360.00447528082515 357.7241333144237 355.73523237873917 356.5761567401213 354.34336768482376;1138.7627423363188;"[[1208,1216,1220,1220,1220,1225,1230,1231,1233,1233,1236,1236,1242,1246,1252,1255,1264,1268,1268,1273,1276,1281,1283,1289,1296,1299,1301,1307,1314,1317,1322,1325,1330,1336,1345,1352,1358,1358,1363,1369,1376,1383,1390,1394,1401,1406,1411,1417,1425,1427,1431,1440,1447,1460,1468,1489,1500,1511,1523,1529,1535,1539,1553,1559,1564,1568,1575,1580,1588,1594,1597,1606,1612,1615,1621,1632,1641,1649,1654,1665,1672,1680,1684,1690,1701,1708,1722,1734,1742,1749,1756,1762,1768,1773,1778,1785,1790,1801],[1416,1416,1420,1420,1420,1423,1423,1430,1430,1430,1433,1433,1439,1442,1447,1451,1459,1463,1465,1469,1472,1480,1480,1492,1498,1502,1510,1513,1517,1521,1523,1529,1538,1541,1547,1551,1553,1558,1569,1575,1578,1582,1588,1597,1601,1609,1613,1623,1633,1638,1643,1653,1658,1664,1669,1674,1699,1721,1736,1752,1757,1761,1772,1776,1807,1818,1830,1841,1846,1855,1862,1871,1876,1880,1888,1893,1898,1917,1921,1931,1937,1949,1956,1967,1977,1985,1993,1999,2013,2026,2037,2046,2052,2052,2060,2067,2082,2089],[779,779,795,795,796,798,801,805,816,816,818,820,824,831,838,842,846,849,852,856,856,868,872,875,882,887,887,893,896,900,905,913,920,923,928,937,940,947,948,952,958,961,967,973,980,988,992,996,1005,1011,1020,1029,1035,1040,1046,1053,1059,1069,1075,1081,1087,1091,1102,1111,1117,1125,1130,1137,1145,1156,1159,1165,1173,1183,1189,1197,1202,1210,1223,1233,1243,1254,1259,1269,1279,1288,1299,1309,1324,1335,1344,1353,1358,1368,1375,1386,1390,1399],[1571,1571,1573,1573,1588,1589,1592,1598,1610,1613,1616,1621,1626,1639,1642,1676,1682,1686,1691,1698,1705,1708,1712,1716,1724,1732,1736,1738,1742,1747,1752,1755,1761,1764,1767,1770,1776,1781,1784,1788,1793,1800,1810,1815,1817,1827,1832,1836,1841,1849,1853,1860,1860,1867,1875,1880,1884,1893,1903,1909,1914,1916,1928,1934,1942,1946,1958,1966,1970,1975,1982,1987,1991,2000,2006,2017,2017,2031,2031,2043,2048,2058,2063,2068,2085,2093,2099,2107,2116,2127,2132,2137,2153,2158,2164,2168,2174,2180],[1825,1825,1828,1828,1829,1830,1860,1870,1896,1898,1902,1911,1911,1928,1937,1942,1948,1952,1959,1962,1967,1973,1975,1979,1986,1989,1993,1996,2000,2006,2010,2014,2019,2025,2031,2034,2040,2043,2046,2059,2062,2066,2071,2076,2081,2089,2093,2097,2101,2110,2116,2122,2125,2134,2141,2147,2157,2166,2171,2177,2182,2186,2198,2204,2211,2216,2221,2229,2236,2242,2247,2260,2268,2271,2277,2281,2288,2301,2305,2315,2321,2338,2344,2352,2358,2367,2375,2380,2389,2398,2413,2419,2426,2433,2437,2442,2447,2453],[932,932,948,948,948,955,955,959,959,962,962,965,973,976,981,986,992,992,998,1002,1004,1013,1020,1024,1029,1032,1036,1046,1052,1057,1057,1066,1075,1077,1083,1090,1093,1102,1107,1107,1114,1123,1131,1136,1144,1153,1159,1165,1170,1183,1186,1194,1201,1215,1221,1226,1232,1232,1247,1254,1259,1269,1280,1285,1297,1305,1312,1318,1329,1334,1346,1354,1360,1366,1375,1386,1393,1401,1418,1424,1433,1451,1459,1472,1487,1499,1508,1519,1536,1544,1559,1568,1576,1576,1594,1602,1609,1624]]"
interactive-discover-3;0;false;;0;f73f381559d96d678c3627e6da228898;179;179;179;0;6;71;71;71;7363.166666666667;11643;4756;11643 6983 6946 4756 6894 6957;7361.833333333333 7362 7362 7362.166666666667 7362.166666666667 7362.166666666667 7362.166666666667 7362.166666666667 7362.166666666667 7362.166666666667 7362.166666666667 7362.166666666667 7362.166666666667 7362.166666666667 7362.166666666667 7362.166666666667 7362.166666666667 7362.166666666667 7362.166666666667 7362.333333333333 7362.333333333333 7362.333333333333 7362.333333333333 7362.333333333333 7362.666666666667 7362.666666666667 7362.666666666667 7362.666666666667 7362.666666666667 7362.666666666667 7362.833333333333 7362.833333333333 7362.833333333333 7362.833333333333 7362.833333333333 7362.833333333333 7362.833333333333 7362.833333333333 7362.833333333333 7362.833333333333 7362.833333333333 7362.833333333333 7362.833333333333 7362.833333333333 7362.833333333333 7362.833333333333 7362.833333333333 7362.833333333333 7362.833333333333 7362.833333333333 7362.833333333333 7362.833333333333 7362.833333333333 7362.833333333333 7362.833333333333 7362.833333333333 7362.833333333333 7362.833333333333 7362.833333333333 7362.833333333333 7362.833333333333 7362.833333333333 7362.833333333333 7362.833333333333 7362.833333333333 7362.833333333333 7362.833333333333 7362.833333333333 7362.833333333333 7362.833333333333 7362.833333333333;11641 11641 11641 11642 11642 11642 11642 11642 11642 11642 11642 11642 11642 11642 11642 11642 11642 11642 11642 11642 11642 11642 11642 11642 11642 11642 11642 11642 11642 11642 11642 11642 11642 11642 11642 11642 11642 11642 11642 11642 11642 11642 11642 11642 11642 11642 11642 11642 11642 11642 11642 11642 11642 11642 11642 11642 11642 11642 11642 11642 11642 11642 11642 11642 11642 11642 11642 11642 11642 11642 11642;4755 4755 4755 4755 4755 4755 4755 4755 4755 4755 4755 4755 4755 4755 4755 4755 4755 4755 4755 4755 4755 4755 4755 4755 4756 4756 4756 4756 4756 4756 4756 4756 4756 4756 4756 4756 4756 4756 4756 4756 4756 4756 4756 4756 4756 4756 4756 4756 4756 4756 4756 4756 4756 4756 4756 4756 4756 4756 4756 4756 4756 4756 4756 4756 4756 4756 4756 4756 4756 4756 4756;2074.053552560514 2074.0208934981024 2074.0208934981024 2074.3647555068246 2074.3647555068246 2074.3647555068246 2074.3647555068246 2074.3647555068246 2074.3647555068246 2074.3647555068246 2074.3647555068246 2074.3647555068246 2074.3647555068246 2074.3647555068246 2074.3647555068246 2074.3647555068246 2074.3647555068246 2074.3647555068246 2074.3647555068246 2074.331271090088 2074.331271090088 2074.331271090088 2074.331271090088 2074.331271090088 2074.0912601801197 2074.0912601801197 2074.0912601801197 2074.0912601801197 2074.0912601801197 2074.0912601801197 2074.053552560514 2074.053552560514 2074.053552560514 2074.053552560514 2074.053552560514 2074.053552560514 2074.053552560514 2074.053552560514 2074.053552560514 2074.053552560514 2074.053552560514 2074.053552560514 2074.053552560514 2074.053552560514 2074.053552560514 2074.053552560514 2074.053552560514 2074.053552560514 2074.053552560514 2074.053552560514 2074.053552560514 2074.053552560514 2074.053552560514 2074.053552560514 2074.053552560514 2074.053552560514 2074.053552560514 2074.053552560514 2074.053552560514 2074.053552560514 2074.053552560514 2074.053552560514 2074.053552560514 2074.053552560514 2074.053552560514 2074.053552560514 2074.053552560514 2074.053552560514 2074.053552560514 2074.053552560514 2074.053552560514;2074.3647555068246;"[[11641,11641,11641,11642,11642,11642,11642,11642,11642,11642,11642,11642,11642,11642,11642,11642,11642,11642,11642,11642,11642,11642,11642,11642,11642,11642,11642,11642,11642,11642,11642,11642,11642,11642,11642,11642,11642,11642,11642,11642,11642,11642,11642,11642,11642,11642,11642,11642,11642,11642,11642,11642,11642,11642,11642,11642,11642,11642,11642,11642,11642,11642,11642,11642,11642,11642,11642,11642,11642,11642,11642],[6982,6982,6982,6982,6982,6982,6982,6982,6982,6982,6982,6982,6982,6982,6982,6982,6982,6982,6982,6982,6982,6982,6982,6982,6983,6983,6983,6983,6983,6983,6983,6983,6983,6983,6983,6983,6983,6983,6983,6983,6983,6983,6983,6983,6983,6983,6983,6983,6983,6983,6983,6983,6983,6983,6983,6983,6983,6983,6983,6983,6983,6983,6983,6983,6983,6983,6983,6983,6983,6983,6983],[6945,6945,6945,6945,6945,6945,6945,6945,6945,6945,6945,6945,6945,6945,6945,6945,6945,6945,6945,6946,6946,6946,6946,6946,6946,6946,6946,6946,6946,6946,6946,6946,6946,6946,6946,6946,6946,6946,6946,6946,6946,6946,6946,6946,6946,6946,6946,6946,6946,6946,6946,6946,6946,6946,6946,6946,6946,6946,6946,6946,6946,6946,6946,6946,6946,6946,6946,6946,6946,6946,6946],[4755,4755,4755,4755,4755,4755,4755,4755,4755,4755,4755,4755,4755,4755,4755,4755,4755,4755,4755,4755,4755,4755,4755,4755,4756,4756,4756,4756,4756,4756,4756,4756,4756,4756,4756,4756,4756,4756,4756,4756,4756,4756,4756,4756,4756,4756,4756,4756,4756,4756,4756,4756,4756,4756,4756,4756,4756,4756,4756,4756,4756,4756,4756,4756,4756,4756,4756,4756,4756,4756,4756],[6893,6893,6893,6893,6893,6893,6893,6893,6893,6893,6893,6893,6893,6893,6893,6893,6893,6893,6893,6893,6893,6893,6893,6893,6893,6893,6893,6893,6893,6893,6894,6894,6894,6894,6894,6894,6894,6894,6894,6894,6894,6894,6894,6894,6894,6894,6894,6894,6894,6894,6894,6894,6894,6894,6894,6894,6894,6894,6894,6894,6894,6894,6894,6894,6894,6894,6894,6894,6894,6894,6894],[6955,6956,6956,6956,6956,6956,6956,6956,6956,6956,6956,6956,6956,6956,6956,6956,6956,6956,6956,6956,6956,6956,6956,6956,6956,6956,6956,6956,6956,6956,6956,6956,6956,6956,6956,6956,6956,6956,6956,6956,6956,6956,6956,6956,6956,6956,6956,6956,6956,6956,6956,6956,6956,6956,6956,6956,6956,6956,6956,6956,6956,6956,6956,6956,6956,6956,6956,6956,6956,6956,6956]]"
interactive-discover-3;1;false;;0;d530ff9771c704dd461c13ed95124d61;180;180;180;0;6;67;67;67;11042.5;17413;6038;17413 10413 13039 11543 7809 6038;11041 11041 11041 11041 11041.166666666666 11041.166666666666 11041.333333333334 11041.333333333334 11041.333333333334 11041.333333333334 11041.333333333334 11041.333333333334 11041.333333333334 11041.333333333334 11041.333333333334 11041.333333333334 11041.5 11041.666666666666 11041.666666666666 11041.666666666666 11041.666666666666 11041.666666666666 11041.666666666666 11041.666666666666 11041.666666666666 11041.666666666666 11041.666666666666 11041.833333333334 11041.833333333334 11041.833333333334 11041.833333333334 11041.833333333334 11041.833333333334 11041.833333333334 11041.833333333334 11041.833333333334 11041.833333333334 11041.833333333334 11041.833333333334 11041.833333333334 11041.833333333334 11041.833333333334 11041.833333333334 11041.833333333334 11041.833333333334 11041.833333333334 11041.833333333334 11041.833333333334 11041.833333333334 11041.833333333334 11041.833333333334 11041.833333333334 11041.833333333334 11041.833333333334 11041.833333333334 11041.833333333334 11041.833333333334 11041.833333333334 11041.833333333334 11041.833333333334 11041.833333333334 11041.833333333334 11041.833333333334 11042 11042 11042 11042;17411 17411 17411 17411 17412 17412 17412 17412 17412 17412 17412 17412 17412 17412 17412 17412 17412 17412 17412 17412 17412 17412 17412 17412 17412 17412 17412 17412 17412 17412 17412 17412 17412 17412 17412 17412 17412 17412 17412 17412 17412 17412 17412 17412 17412 17412 17412 17412 17412 17412 17412 17412 17412 17412 17412 17412 17412 17412 17412 17412 17412 17412 17412 17412 17412 17412 17412;6037 6037 6037 6037 6037 6037 6037 6037 6037 6037 6037 6037 6037 6037 6037 6037 6037 6037 6037 6037 6037 6037 6037 6037 6037 6037 6037 6037 6037 6037 6037 6037 6037 6037 6037 6037 6037 6037 6037 6037 6037 6037 6037 6037 6037 6037 6037 6037 6037 6037 6037 6037 6037 6037 6037 6037 6037 6037 6037 6037 6037 6037 6037 6038 6038 6038 6038;3667.3983057929954 3667.3983057929954 3667.3983057929954 3667.3983057929954 3667.687800993366 3667.687800993366 3667.778513245071 3667.778513245071 3667.778513245071 3667.778513245071 3667.778513245071 3667.778513245071 3667.778513245071 3667.778513245071 3667.778513245071 3667.778513245071 3667.631604091847 3667.654321527892 3667.654321527892 3667.654321527892 3667.654321527892 3667.654321527892 3667.654321527892 3667.654321527892 3667.654321527892 3667.654321527892 3667.654321527892 3667.6257268459417 3667.6257268459417 3667.6257268459417 3667.6257268459417 3667.6257268459417 3667.6257268459417 3667.6257268459417 3667.6257268459417 3667.6257268459417 3667.6257268459417 3667.6257268459417 3667.6257268459417 3667.6257268459417 3667.6257268459417 3667.6257268459417 3667.6257268459417 3667.6257268459417 3667.6257268459417 3667.6257268459417 3667.6257268459417 3667.6257268459417 3667.6257268459417 3667.6257268459417 3667.6257268459417 3667.6257268459417 3667.6257268459417 3667.6257268459417 3667.6257268459417 3667.6257268459417 3667.6257268459417 3667.6257268459417 3667.6257268459417 3667.6257268459417 3667.6257268459417 3667.6257268459417 3667.6257268459417 3667.3983057929954 3667.3983057929954 3667.3983057929954 3667.3983057929954;3667.8012373446118;"[[17411,17411,17411,17411,17412,17412,17412,17412,17412,17412,17412,17412,17412,17412,17412,17412,17412,17412,17412,17412,17412,17412,17412,17412,17412,17412,17412,17412,17412,17412,17412,17412,17412,17412,17412,17412,17412,17412,17412,17412,17412,17412,17412,17412,17412,17412,17412,17412,17412,17412,17412,17412,17412,17412,17412,17412,17412,17412,17412,17412,17412,17412,17412,17412,17412,17412,17412],[10412,10412,10412,10412,10412,10412,10412,10412,10412,10412,10412,10412,10412,10412,10412,10412,10412,10412,10412,10412,10412,10412,10412,10412,10412,10412,10412,10413,10413,10413,10413,10413,10413,10413,10413,10413,10413,10413,10413,10413,10413,10413,10413,10413,10413,10413,10413,10413,10413,10413,10413,10413,10413,10413,10413,10413,10413,10413,10413,10413,10413,10413,10413,10413,10413,10413,10413],[13037,13037,13037,13037,13037,13037,13038,13038,13038,13038,13038,13038,13038,13038,13038,13038,13038,13038,13038,13038,13038,13038,13038,13038,13038,13038,13038,13038,13038,13038,13038,13038,13038,13038,13038,13038,13038,13038,13038,13038,13038,13038,13038,13038,13038,13038,13038,13038,13038,13038,13038,13038,13038,13038,13038,13038,13038,13038,13038,13038,13038,13038,13038,13038,13038,13038,13038],[11541,11541,11541,11541,11541,11541,11541,11541,11541,11541,11541,11541,11541,11541,11541,11541,11541,11542,11542,11542,11542,11542,11542,11542,11542,11542,11542,11542,11542,11542,11542,11542,11542,11542,11542,11542,11542,11542,11542,11542,11542,11542,11542,11542,11542,11542,11542,11542,11542,11542,11542,11542,11542,11542,11542,11542,11542,11542,11542,11542,11542,11542,11542,11542,11542,11542,11542],[7808,7808,7808,7808,7808,7808,7808,7808,7808,7808,7808,7808,7808,7808,7808,7808,7809,7809,7809,7809,7809,7809,7809,7809,7809,7809,7809,7809,7809,7809,7809,7809,7809,7809,7809,7809,7809,7809,7809,7809,7809,7809,7809,7809,7809,7809,7809,7809,7809,7809,7809,7809,7809,7809,7809,7809,7809,7809,7809,7809,7809,7809,7809,7809,7809,7809,7809],[6037,6037,6037,6037,6037,6037,6037,6037,6037,6037,6037,6037,6037,6037,6037,6037,6037,6037,6037,6037,6037,6037,6037,6037,6037,6037,6037,6037,6037,6037,6037,6037,6037,6037,6037,6037,6037,6037,6037,6037,6037,6037,6037,6037,6037,6037,6037,6037,6037,6037,6037,6037,6037,6037,6037,6037,6037,6037,6037,6037,6037,6037,6037,6038,6038,6038,6038]]"
interactive-discover-3;2;false;;0;f5163cb91864e0c46c72cbb87d71e580;129;129;129;0;6;55;55;55;6109.5;7821;4579;7714 4579 4791 7173 7821 4579;6108.333333333333 6108.333333333333 6108.333333333333 6108.333333333333 6108.333333333333 6108.333333333333 6108.333333333333 6108.333333333333 6108.333333333333 6108.333333333333 6108.333333333333 6108.333333333333 6108.333333333333 6108.333333333333 6108.333333333333 6108.333333333333 6108.5 6108.5 6108.5 6108.5 6108.5 6108.5 6108.5 6108.666666666667 6108.666666666667 6108.666666666667 6108.666666666667 6108.666666666667 6108.833333333333 6108.833333333333 6108.833333333333 6108.833333333333 6108.833333333333 6108.833333333333 6108.833333333333 6109 6109 6109 6109 6109 6109 6109 6109 6109 6109 6109 6109 6109 6109 6109 6109 6109 6109 6109 6109;7820 7820 7820 7820 7820 7820 7820 7820 7820 7820 7820 7820 7820 7820 7820 7820 7820 7820 7820 7820 7820 7820 7820 7820 7820 7820 7820 7820 7820 7820 7820 7820 7820 7820 7820 7820 7820 7820 7820 7820 7820 7820 7820 7820 7820 7820 7820 7820 7820 7820 7820 7820 7820 7820 7820;4578 4578 4578 4578 4578 4578 4578 4578 4578 4578 4578 4578 4578 4578 4578 4578 4578 4578 4578 4578 4578 4578 4578 4578 4578 4578 4578 4578 4578 4578 4578 4578 4578 4578 4578 4578 4578 4578 4578 4578 4578 4578 4578 4578 4578 4578 4578 4578 4578 4578 4578 4578 4578 4578 4578;1475.3883857780936 1475.3883857780936 1475.3883857780936 1475.3883857780936 1475.3883857780936 1475.3883857780936 1475.3883857780936 1475.3883857780936 1475.3883857780936 1475.3883857780936 1475.3883857780936 1475.3883857780936 1475.3883857780936 1475.3883857780936 1475.3883857780936 1475.3883857780936 1475.2393873537949 1475.2393873537949 1475.2393873537949 1475.2393873537949 1475.2393873537949 1475.2393873537949 1475.2393873537949 1475.3595795225274 1475.3595795225274 1475.3595795225274 1475.3595795225274 1475.3595795225274 1475.5408518762047 1475.5408518762047 1475.5408518762047 1475.5408518762047 1475.5408518762047 1475.5408518762047 1475.5408518762047 1475.3679766982427 1475.3679766982427 1475.3679766982427 1475.3679766982427 1475.3679766982427 1475.3679766982427 1475.3679766982427 1475.3679766982427 1475.3679766982427 1475.3679766982427 1475.3679766982427 1475.3679766982427 1475.3679766982427 1475.3679766982427 1475.3679766982427 1475.3679766982427 1475.3679766982427 1475.3679766982427 1475.3679766982427 1475.3679766982427;1475.2393873537949;"[[7713,7713,7713,7713,7713,7713,7713,7713,7713,7713,7713,7713,7713,7713,7713,7713,7713,7713,7713,7713,7713,7713,7713,7713,7713,7713,7713,7713,7714,7714,7714,7714,7714,7714,7714,7714,7714,7714,7714,7714,7714,7714,7714,7714,7714,7714,7714,7714,7714,7714,7714,7714,7714,7714,7714],[4578,4578,4578,4578,4578,4578,4578,4578,4578,4578,4578,4578,4578,4578,4578,4578,4578,4578,4578,4578,4578,4578,4578,4578,4578,4578,4578,4578,4578,4578,4578,4578,4578,4578,4578,4579,4579,4579,4579,4579,4579,4579,4579,4579,4579,4579,4579,4579,4579,4579,4579,4579,4579,4579,4579],[4789,4789,4789,4789,4789,4789,4789,4789,4789,4789,4789,4789,4789,4789,4789,4789,4790,4790,4790,4790,4790,4790,4790,4790,4790,4790,4790,4790,4790,4790,4790,4790,4790,4790,4790,4790,4790,4790,4790,4790,4790,4790,4790,4790,4790,4790,4790,4790,4790,4790,4790,4790,4790,4790,4790],[7172,7172,7172,7172,7172,7172,7172,7172,7172,7172,7172,7172,7172,7172,7172,7172,7172,7172,7172,7172,7172,7172,7172,7173,7173,7173,7173,7173,7173,7173,7173,7173,7173,7173,7173,7173,7173,7173,7173,7173,7173,7173,7173,7173,7173,7173,7173,7173,7173,7173,7173,7173,7173,7173,7173],[7820,7820,7820,7820,7820,7820,7820,7820,7820,7820,7820,7820,7820,7820,7820,7820,7820,7820,7820,7820,7820,7820,7820,7820,7820,7820,7820,7820,7820,7820,7820,7820,7820,7820,7820,7820,7820,7820,7820,7820,7820,7820,7820,7820,7820,7820,7820,7820,7820,7820,7820,7820,7820,7820,7820],[4578,4578,4578,4578,4578,4578,4578,4578,4578,4578,4578,4578,4578,4578,4578,4578,4578,4578,4578,4578,4578,4578,4578,4578,4578,4578,4578,4578,4578,4578,4578,4578,4578,4578,4578,4578,4578,4578,4578,4578,4578,4578,4578,4578,4578,4578,4578,4578,4578,4578,4578,4578,4578,4578,4578]]"
interactive-discover-3;3;false;;0;b06e483e5dad42273e4331741e73598b;238;238;238;0;6;203;203;203;9668.5;14143;4965;4965 8184 8608 14143 8704 13407;9664.333333333334 9664.5 9664.5 9664.5 9664.5 9664.5 9664.5 9664.5 9664.5 9664.5 9664.5 9664.5 9664.5 9664.5 9664.5 9664.5 9664.5 9664.5 9664.666666666666 9664.666666666666 9664.666666666666 9664.666666666666 9664.666666666666 9664.666666666666 9664.666666666666 9664.666666666666 9664.833333333334 9664.833333333334 9664.833333333334 9664.833333333334 9664.833333333334 9665 9665 9665.166666666666 9665.166666666666 9665.166666666666 9665.166666666666 9665.166666666666 9665.166666666666 9665.166666666666 9665.333333333334 9665.333333333334 9665.333333333334 9665.333333333334 9665.5 9665.5 9665.5 9665.5 9665.5 9665.5 9665.5 9665.666666666666 9665.666666666666 9665.666666666666 9665.666666666666 9665.666666666666 9665.666666666666 9665.666666666666 9665.666666666666 9665.666666666666 9665.666666666666 9665.666666666666 9665.666666666666 9665.666666666666 9665.666666666666 9665.666666666666 9665.666666666666 9665.666666666666 9665.666666666666 9665.666666666666 9665.666666666666 9665.666666666666 9665.833333333334 9665.833333333334 9665.833333333334 9665.833333333334 9665.833333333334 9665.833333333334 9665.833333333334 9665.833333333334 9665.833333333334 9665.833333333334 9665.833333333334 9665.833333333334 9665.833333333334 9665.833333333334 9665.833333333334 9665.833333333334 9665.833333333334 9665.833333333334 9665.833333333334 9665.833333333334 9665.833333333334 9665.833333333334 9665.833333333334 9666 9666 9666 9666 9666 9666 9666 9666 9666 9666 9666 9666 9666 9666.166666666666 9666.166666666666 9666.166666666666 9666.333333333334 9666.333333333334 9666.333333333334 9666.5 9666.5 9666.5 9666.5 9666.5 9666.5 9666.5 9666.5 9666.833333333334 9666.833333333334 9666.833333333334 9666.833333333334 9666.833333333334 9666.833333333334 9666.833333333334 9666.833333333334 9666.833333333334 9667 9667 9667 9667 9667 9667 9667 9667 9667.166666666666 9667.166666666666 9667.166666666666 9667.166666666666 9667.166666666666 9667.166666666666 9667.166666666666 9667.166666666666 9667.166666666666 9667.166666666666 9667.333333333334 9667.333333333334 9667.333333333334 9667.333333333334 9667.333333333334 9667.333333333334 9667.333333333334 9667.333333333334 9667.333333333334 9667.333333333334 9667.333333333334 9667.333333333334 9667.333333333334 9667.333333333334 9667.333333333334 9667.333333333334 9667.333333333334 9667.5 9667.5 9667.5 9667.5 9667.5 9667.5 9667.5 9667.5 9667.666666666666 9667.666666666666 9667.833333333334 9667.833333333334 9667.833333333334 9667.833333333334 9667.833333333334 9667.833333333334 9667.833333333334 9667.833333333334 9667.833333333334 9667.833333333334 9667.833333333334 9667.833333333334 9667.833333333334 9668 9668 9668 9668 9668 9668 9668 9668 9668 9668 9668 9668 9668 9668;14139 14139 14139 14139 14139 14139 14139 14139 14139 14139 14139 14139 14139 14139 14139 14139 14139 14139 14139 14139 14139 14139 14139 14139 14139 14139 14140 14140 14140 14140 14140 14140 14140 14140 14140 14140 14140 14140 14140 14140 14140 14140 14140 14140 14140 14140 14140 14140 14140 14140 14140 14140 14140 14140 14140 14140 14140 14140 14140 14140 14140 14140 14140 14140 14140 14140 14140 14140 14140 14140 14140 14140 14140 14140 14140 14140 14140 14140 14140 14140 14140 14140 14140 14140 14140 14140 14140 14140 14140 14140 14140 14140 14140 14140 14140 14140 14140 14140 14140 14140 14140 14140 14140 14140 14140 14140 14140 14140 14141 14141 14141 14141 14141 14141 14141 14141 14141 14141 14141 14141 14141 14141 14141 14141 14141 14141 14141 14141 14141 14141 14141 14141 14141 14141 14141 14141 14141 14141 14141 14141 14141 14141 14141 14141 14141 14141 14141 14141 14141 14141 14141 14141 14141 14141 14141 14141 14141 14141 14141 14141 14141 14141 14141 14141 14141 14141 14141 14141 14141 14141 14141 14141 14141 14141 14142 14142 14142 14142 14142 14142 14142 14142 14142 14142 14142 14142 14142 14142 14142 14142 14142 14142 14142 14142 14142 14142 14142 14142 14142 14142 14142 14142 14142;4959 4959 4959 4959 4959 4959 4959 4959 4959 4959 4959 4959 4959 4959 4959 4959 4959 4959 4959 4959 4959 4959 4959 4959 4959 4959 4959 4959 4959 4959 4959 4960 4960 4960 4960 4960 4960 4960 4960 4960 4960 4960 4960 4960 4960 4960 4960 4960 4960 4960 4960 4961 4961 4961 4961 4961 4961 4961 4961 4961 4961 4961 4961 4961 4961 4961 4961 4961 4961 4961 4961 4961 4961 4961 4961 4961 4961 4961 4961 4961 4961 4961 4961 4961 4961 4961 4961 4961 4961 4961 4961 4961 4961 4961 4961 4962 4962 4962 4962 4962 4962 4962 4962 4962 4962 4962 4962 4962 4962 4962 4962 4963 4963 4963 4963 4963 4963 4963 4963 4963 4963 4963 4963 4963 4963 4963 4963 4963 4963 4963 4963 4963 4963 4963 4963 4963 4963 4963 4963 4964 4964 4964 4964 4964 4964 4964 4964 4964 4964 4964 4964 4964 4964 4964 4964 4964 4964 4964 4964 4964 4964 4964 4964 4964 4964 4964 4964 4964 4964 4964 4964 4964 4964 4964 4964 4964 4964 4964 4964 4964 4964 4964 4964 4964 4964 4964 4964 4964 4964 4964 4964 4964 4964 4964 4964 4964 4964 4964 4964 4964 4964 4964 4964;3172.7182176942356 3172.9146301153455 3172.9146301153455 3172.9146301153455 3172.9146301153455 3172.9146301153455 3172.9146301153455 3172.9146301153455 3172.9146301153455 3172.9146301153455 3172.9146301153455 3172.9146301153455 3172.9146301153455 3172.9146301153455 3172.9146301153455 3172.9146301153455 3172.9146301153455 3172.9146301153455 3172.836620789388 3172.836620789388 3172.836620789388 3172.836620789388 3172.836620789388 3172.836620789388 3172.836620789388 3172.836620789388 3173.0716672580143 3173.0716672580143 3173.0716672580143 3173.0716672580143 3173.0716672580143 3172.8245040237152 3172.8245040237152 3172.768844225638 3172.768844225638 3172.768844225638 3172.768844225638 3172.768844225638 3172.768844225638 3172.768844225638 3172.6908488256813 3172.6908488256813 3172.6908488256813 3172.6908488256813 3172.6402122942754 3172.6402122942754 3172.6402122942754 3172.6402122942754 3172.6402122942754 3172.6402122942754 3172.6402122942754 3172.393032957227 3172.393032957227 3172.393032957227 3172.393032957227 3172.393032957227 3172.393032957227 3172.393032957227 3172.393032957227 3172.393032957227 3172.393032957227 3172.393032957227 3172.393032957227 3172.393032957227 3172.393032957227 3172.393032957227 3172.393032957227 3172.393032957227 3172.393032957227 3172.393032957227 3172.393032957227 3172.393032957227 3172.5894479991503 3172.5894479991503 3172.5894479991503 3172.5894479991503 3172.5894479991503 3172.5894479991503 3172.5894479991503 3172.5894479991503 3172.5894479991503 3172.5894479991503 3172.5894479991503 3172.5894479991503 3172.5894479991503 3172.5894479991503 3172.5894479991503 3172.5894479991503 3172.5894479991503 3172.5894479991503 3172.5894479991503 3172.5894479991503 3172.5894479991503 3172.5894479991503 3172.5894479991503 3172.3422997316457 3172.3422997316457 3172.3422997316457 3172.3422997316457 3172.3422997316457 3172.3422997316457 3172.3422997316457 3172.3422997316457 3172.3422997316457 3172.3422997316457 3172.3422997316457 3172.3422997316457 3172.3422997316457 3172.57736531182 3172.57736531182 3172.57736531182 3172.3302511280604 3172.3302511280604 3172.3302511280604 3172.252236188037 3172.252236188037 3172.252236188037 3172.252236188037 3172.252236188037 3172.252236188037 3172.252236188037 3172.252236188037 3172.1458781434094 3172.1458781434094 3172.1458781434094 3172.1458781434094 3172.1458781434094 3172.1458781434094 3172.1458781434094 3172.1458781434094 3172.1458781434094 3172.3422997316457 3172.3422997316457 3172.3422997316457 3172.3422997316457 3172.3422997316457 3172.3422997316457 3172.3422997316457 3172.3422997316457 3172.095175992605 3172.095175992605 3172.095175992605 3172.095175992605 3172.095175992605 3172.095175992605 3172.095175992605 3172.095175992605 3172.095175992605 3172.095175992605 3172.0171640281033 3172.0171640281033 3172.0171640281033 3172.0171640281033 3172.0171640281033 3172.0171640281033 3172.0171640281033 3172.0171640281033 3172.0171640281033 3172.0171640281033 3172.0171640281033 3172.0171640281033 3172.0171640281033 3172.0171640281033 3172.0171640281033 3172.0171640281033 3172.0171640281033 3171.9614725487027 3171.9614725487027 3171.9614725487027 3171.9614725487027 3171.9614725487027 3171.9614725487027 3171.9614725487027 3171.9614725487027 3172.196540078954 3172.196540078954 3172.1458781434094 3172.1458781434094 3172.1458781434094 3172.1458781434094 3172.1458781434094 3172.1458781434094 3172.1458781434094 3172.1458781434094 3172.1458781434094 3172.1458781434094 3172.1458781434094 3172.1458781434094 3172.1458781434094 3172.3422997316457 3172.3422997316457 3172.3422997316457 3172.3422997316457 3172.3422997316457 3172.3422997316457 3172.3422997316457 3172.3422997316457 3172.3422997316457 3172.3422997316457 3172.3422997316457 3172.3422997316457 3172.3422997316457 3172.3422997316457;3172.252236188037;"[[4959,4959,4959,4959,4959,4959,4959,4959,4959,4959,4959,4959,4959,4959,4959,4959,4959,4959,4959,4959,4959,4959,4959,4959,4959,4959,4959,4959,4959,4959,4959,4960,4960,4960,4960,4960,4960,4960,4960,4960,4960,4960,4960,4960,4960,4960,4960,4960,4960,4960,4960,4961,4961,4961,4961,4961,4961,4961,4961,4961,4961,4961,4961,4961,4961,4961,4961,4961,4961,4961,4961,4961,4961,4961,4961,4961,4961,4961,4961,4961,4961,4961,4961,4961,4961,4961,4961,4961,4961,4961,4961,4961,4961,4961,4961,4962,4962,4962,4962,4962,4962,4962,4962,4962,4962,4962,4962,4962,4962,4962,4962,4963,4963,4963,4963,4963,4963,4963,4963,4963,4963,4963,4963,4963,4963,4963,4963,4963,4963,4963,4963,4963,4963,4963,4963,4963,4963,4963,4963,4964,4964,4964,4964,4964,4964,4964,4964,4964,4964,4964,4964,4964,4964,4964,4964,4964,4964,4964,4964,4964,4964,4964,4964,4964,4964,4964,4964,4964,4964,4964,4964,4964,4964,4964,4964,4964,4964,4964,4964,4964,4964,4964,4964,4964,4964,4964,4964,4964,4964,4964,4964,4964,4964,4964,4964,4964,4964,4964,4964,4964,4964,4964,4964],[8179,8179,8179,8179,8179,8179,8179,8179,8179,8179,8179,8179,8179,8179,8179,8179,8179,8179,8180,8180,8180,8180,8180,8180,8180,8180,8180,8180,8180,8180,8180,8180,8180,8180,8180,8180,8180,8180,8180,8180,8181,8181,8181,8181,8181,8181,8181,8181,8181,8181,8181,8181,8181,8181,8181,8181,8181,8181,8181,8181,8181,8181,8181,8181,8181,8181,8181,8181,8181,8181,8181,8181,8181,8181,8181,8181,8181,8181,8181,8181,8181,8181,8181,8181,8181,8181,8181,8181,8181,8181,8181,8181,8181,8181,8181,8181,8181,8181,8181,8181,8181,8181,8181,8181,8181,8181,8181,8181,8181,8181,8181,8181,8181,8181,8182,8182,8182,8182,8182,8182,8182,8182,8182,8182,8182,8182,8182,8182,8182,8182,8182,8182,8182,8182,8182,8182,8182,8182,8182,8182,8182,8182,8182,8182,8182,8182,8182,8182,8182,8183,8183,8183,8183,8183,8183,8183,8183,8183,8183,8183,8183,8183,8183,8183,8183,8183,8183,8183,8183,8183,8183,8183,8183,8183,8183,8183,8183,8183,8183,8183,8183,8183,8183,8183,8183,8183,8183,8183,8183,8183,8183,8183,8183,8183,8183,8183,8183,8183,8183,8183,8183,8183,8183],[8605,8605,8605,8605,8605,8605,8605,8605,8605,8605,8605,8605,8605,8605,8605,8605,8605,8605,8605,8605,8605,8605,8605,8605,8605,8605,8605,8605,8605,8605,8605,8605,8605,8606,8606,8606,8606,8606,8606,8606,8606,8606,8606,8606,8606,8606,8606,8606,8606,8606,8606,8606,8606,8606,8606,8606,8606,8606,8606,8606,8606,8606,8606,8606,8606,8606,8606,8606,8606,8606,8606,8606,8606,8606,8606,8606,8606,8606,8606,8606,8606,8606,8606,8606,8606,8606,8606,8606,8606,8606,8606,8606,8606,8606,8606,8606,8606,8606,8606,8606,8606,8606,8606,8606,8606,8606,8606,8606,8606,8606,8606,8606,8606,8606,8606,8606,8606,8606,8606,8606,8606,8606,8607,8607,8607,8607,8607,8607,8607,8607,8607,8607,8607,8607,8607,8607,8607,8607,8607,8607,8607,8607,8607,8607,8607,8607,8607,8607,8607,8607,8607,8607,8607,8607,8607,8607,8607,8607,8607,8607,8607,8607,8607,8607,8607,8607,8608,8608,8608,8608,8608,8608,8608,8608,8608,8608,8608,8608,8608,8608,8608,8608,8608,8608,8608,8608,8608,8608,8608,8608,8608,8608,8608,8608,8608,8608,8608,8608,8608,8608,8608,8608,8608],[14139,14139,14139,14139,14139,14139,14139,14139,14139,14139,14139,14139,14139,14139,14139,14139,14139,14139,14139,14139,14139,14139,14139,14139,14139,14139,14140,14140,14140,14140,14140,14140,14140,14140,14140,14140,14140,14140,14140,14140,14140,14140,14140,14140,14140,14140,14140,14140,14140,14140,14140,14140,14140,14140,14140,14140,14140,14140,14140,14140,14140,14140,14140,14140,14140,14140,14140,14140,14140,14140,14140,14140,14140,14140,14140,14140,14140,14140,14140,14140,14140,14140,14140,14140,14140,14140,14140,14140,14140,14140,14140,14140,14140,14140,14140,14140,14140,14140,14140,14140,14140,14140,14140,14140,14140,14140,14140,14140,14141,14141,14141,14141,14141,14141,14141,14141,14141,14141,14141,14141,14141,14141,14141,14141,14141,14141,14141,14141,14141,14141,14141,14141,14141,14141,14141,14141,14141,14141,14141,14141,14141,14141,14141,14141,14141,14141,14141,14141,14141,14141,14141,14141,14141,14141,14141,14141,14141,14141,14141,14141,14141,14141,14141,14141,14141,14141,14141,14141,14141,14141,14141,14141,14141,14141,14142,14142,14142,14142,14142,14142,14142,14142,14142,14142,14142,14142,14142,14142,14142,14142,14142,14142,14142,14142,14142,14142,14142,14142,14142,14142,14142,14142,14142],[8701,8701,8701,8701,8701,8701,8701,8701,8701,8701,8701,8701,8701,8701,8701,8701,8701,8701,8701,8701,8701,8701,8701,8701,8701,8701,8701,8701,8701,8701,8701,8701,8701,8701,8701,8701,8701,8701,8701,8701,8701,8701,8701,8701,8702,8702,8702,8702,8702,8702,8702,8702,8702,8702,8702,8702,8702,8702,8702,8702,8702,8702,8702,8702,8702,8702,8702,8702,8702,8702,8702,8702,8702,8702,8702,8702,8702,8702,8702,8702,8702,8702,8702,8702,8702,8702,8702,8702,8702,8702,8702,8702,8702,8702,8702,8702,8702,8702,8702,8702,8702,8702,8702,8702,8702,8702,8702,8702,8702,8702,8702,8702,8702,8702,8702,8702,8702,8702,8702,8702,8702,8702,8703,8703,8703,8703,8703,8703,8703,8703,8703,8703,8703,8703,8703,8703,8703,8703,8703,8703,8703,8703,8703,8703,8703,8703,8703,8703,8703,8703,8703,8703,8703,8703,8703,8703,8703,8703,8703,8703,8703,8703,8703,8703,8703,8703,8703,8703,8703,8703,8703,8703,8703,8703,8703,8703,8704,8704,8704,8704,8704,8704,8704,8704,8704,8704,8704,8704,8704,8704,8704,8704,8704,8704,8704,8704,8704,8704,8704,8704,8704,8704,8704],[13403,13404,13404,13404,13404,13404,13404,13404,13404,13404,13404,13404,13404,13404,13404,13404,13404,13404,13404,13404,13404,13404,13404,13404,13404,13404,13404,13404,13404,13404,13404,13404,13404,13404,13404,13404,13404,13404,13404,13404,13404,13404,13404,13404,13404,13404,13404,13404,13404,13404,13404,13404,13404,13404,13404,13404,13404,13404,13404,13404,13404,13404,13404,13404,13404,13404,13404,13404,13404,13404,13404,13404,13405,13405,13405,13405,13405,13405,13405,13405,13405,13405,13405,13405,13405,13405,13405,13405,13405,13405,13405,13405,13405,13405,13405,13405,13405,13405,13405,13405,13405,13405,13405,13405,13405,13405,13405,13405,13405,13405,13405,13405,13405,13405,13405,13405,13405,13405,13405,13405,13405,13405,13405,13405,13405,13405,13405,13405,13405,13405,13405,13406,13406,13406,13406,13406,13406,13406,13406,13406,13406,13406,13406,13406,13406,13406,13406,13406,13406,13406,13406,13406,13406,13406,13406,13406,13406,13406,13406,13406,13406,13406,13406,13406,13406,13406,13406,13406,13406,13406,13406,13406,13406,13406,13406,13406,13406,13406,13406,13406,13406,13406,13406,13406,13406,13406,13406,13406,13406,13407,13407,13407,13407,13407,13407,13407,13407,13407,13407,13407,13407,13407,13407]]"
interactive-discover-3;4;false;;0;20d5f7e2b4c95efcee3da988dbee7f16;198;198;198;0;6;142;142;142;10135.666666666666;12936;8256;8568 12936 8256 11365 8300 11389;10133.666666666666 10133.666666666666 10133.666666666666 10133.666666666666 10133.666666666666 10133.666666666666 10133.666666666666 10133.666666666666 10133.666666666666 10133.666666666666 10133.666666666666 10133.666666666666 10133.666666666666 10133.666666666666 10133.666666666666 10133.666666666666 10133.666666666666 10133.666666666666 10133.666666666666 10133.666666666666 10133.666666666666 10133.666666666666 10133.666666666666 10133.666666666666 10133.833333333334 10133.833333333334 10133.833333333334 10133.833333333334 10133.833333333334 10133.833333333334 10133.833333333334 10133.833333333334 10133.833333333334 10133.833333333334 10133.833333333334 10133.833333333334 10133.833333333334 10133.833333333334 10134 10134 10134.166666666666 10134.166666666666 10134.166666666666 10134.166666666666 10134.333333333334 10134.333333333334 10134.333333333334 10134.333333333334 10134.333333333334 10134.333333333334 10134.333333333334 10134.333333333334 10134.333333333334 10134.333333333334 10134.333333333334 10134.333333333334 10134.333333333334 10134.333333333334 10134.333333333334 10134.333333333334 10134.333333333334 10134.333333333334 10134.333333333334 10134.333333333334 10134.333333333334 10134.333333333334 10134.333333333334 10134.333333333334 10134.333333333334 10134.333333333334 10134.333333333334 10134.333333333334 10134.5 10134.5 10134.5 10134.5 10134.5 10134.5 10134.5 10134.5 10134.5 10134.5 10134.5 10134.5 10134.5 10134.5 10134.5 10134.5 10134.5 10134.5 10134.5 10134.5 10134.5 10134.5 10134.5 10134.5 10134.5 10134.5 10134.5 10134.5 10134.5 10134.5 10134.5 10134.5 10134.5 10134.5 10134.5 10134.5 10134.5 10134.5 10134.5 10134.5 10134.5 10134.5 10134.5 10134.5 10134.5 10134.666666666666 10134.666666666666 10134.666666666666 10134.666666666666 10134.833333333334 10134.833333333334 10134.833333333334 10134.833333333334 10134.833333333334 10134.833333333334 10135 10135 10135 10135.166666666666 10135.166666666666 10135.166666666666 10135.166666666666 10135.166666666666 10135.166666666666 10135.166666666666 10135.166666666666 10135.166666666666 10135.166666666666 10135.166666666666 10135.166666666666;12934 12934 12934 12934 12934 12934 12934 12934 12934 12934 12934 12934 12934 12934 12934 12934 12934 12934 12934 12934 12934 12934 12934 12934 12934 12934 12934 12934 12934 12934 12934 12934 12934 12934 12934 12934 12934 12934 12935 12935 12935 12935 12935 12935 12935 12935 12935 12935 12935 12935 12935 12935 12935 12935 12935 12935 12935 12935 12935 12935 12935 12935 12935 12935 12935 12935 12935 12935 12935 12935 12935 12935 12935 12935 12935 12935 12935 12935 12935 12935 12935 12935 12935 12935 12935 12935 12935 12935 12935 12935 12935 12935 12935 12935 12935 12935 12935 12935 12935 12935 12935 12935 12935 12935 12935 12935 12935 12935 12935 12935 12935 12935 12935 12935 12935 12935 12935 12935 12935 12935 12935 12935 12935 12935 12935 12935 12935 12935 12935 12935 12935 12935 12935 12935 12935 12935 12935 12935 12935 12935 12935 12935;8254 8254 8254 8254 8254 8254 8254 8254 8254 8254 8254 8254 8254 8254 8254 8254 8254 8254 8254 8254 8254 8254 8254 8254 8254 8254 8254 8254 8254 8254 8254 8254 8254 8254 8254 8254 8254 8254 8254 8254 8255 8255 8255 8255 8255 8255 8255 8255 8255 8255 8255 8255 8255 8255 8255 8255 8255 8255 8255 8255 8255 8255 8255 8255 8255 8255 8255 8255 8255 8255 8255 8255 8255 8255 8255 8255 8255 8255 8255 8255 8255 8255 8255 8255 8255 8255 8255 8255 8255 8255 8255 8255 8255 8255 8255 8255 8255 8255 8255 8255 8255 8255 8255 8255 8255 8255 8255 8255 8255 8255 8255 8255 8255 8255 8255 8255 8255 8255 8255 8255 8255 8255 8255 8255 8255 8255 8255 8255 8255 8255 8256 8256 8256 8256 8256 8256 8256 8256 8256 8256 8256 8256;1838.6735859188154 1838.6735859188154 1838.6735859188154 1838.6735859188154 1838.6735859188154 1838.6735859188154 1838.6735859188154 1838.6735859188154 1838.6735859188154 1838.6735859188154 1838.6735859188154 1838.6735859188154 1838.6735859188154 1838.6735859188154 1838.6735859188154 1838.6735859188154 1838.6735859188154 1838.6735859188154 1838.6735859188154 1838.6735859188154 1838.6735859188154 1838.6735859188154 1838.6735859188154 1838.6735859188154 1838.5315169691512 1838.5315169691512 1838.5315169691512 1838.5315169691512 1838.5315169691512 1838.5315169691512 1838.5315169691512 1838.5315169691512 1838.5315169691512 1838.5315169691512 1838.5315169691512 1838.5315169691512 1838.5315169691512 1838.5315169691512 1838.7853780870312 1838.7853780870312 1838.6150056194172 1838.6150056194172 1838.6150056194172 1838.6150056194172 1838.7285160010858 1838.7285160010858 1838.7285160010858 1838.7285160010858 1838.7285160010858 1838.7285160010858 1838.7285160010858 1838.7285160010858 1838.7285160010858 1838.7285160010858 1838.7285160010858 1838.7285160010858 1838.7285160010858 1838.7285160010858 1838.7285160010858 1838.7285160010858 1838.7285160010858 1838.7285160010858 1838.7285160010858 1838.7285160010858 1838.7285160010858 1838.7285160010858 1838.7285160010858 1838.7285160010858 1838.7285160010858 1838.7285160010858 1838.7285160010858 1838.7285160010858 1838.562096675914 1838.562096675914 1838.562096675914 1838.562096675914 1838.562096675914 1838.562096675914 1838.562096675914 1838.562096675914 1838.562096675914 1838.562096675914 1838.562096675914 1838.562096675914 1838.562096675914 1838.562096675914 1838.562096675914 1838.562096675914 1838.562096675914 1838.562096675914 1838.562096675914 1838.562096675914 1838.562096675914 1838.562096675914 1838.562096675914 1838.562096675914 1838.562096675914 1838.562096675914 1838.562096675914 1838.562096675914 1838.562096675914 1838.562096675914 1838.562096675914 1838.562096675914 1838.562096675914 1838.562096675914 1838.562096675914 1838.562096675914 1838.562096675914 1838.562096675914 1838.562096675914 1838.562096675914 1838.562096675914 1838.562096675914 1838.562096675914 1838.562096675914 1838.562096675914 1838.6735859188154 1838.6735859188154 1838.6735859188154 1838.6735859188154 1838.5315169691512 1838.5315169691512 1838.5315169691512 1838.5315169691512 1838.5315169691512 1838.5315169691512 1838.6450627205531 1838.6450627205531 1838.6450627205531 1838.474677249836 1838.474677249836 1838.474677249836 1838.474677249836 1838.474677249836 1838.474677249836 1838.474677249836 1838.474677249836 1838.474677249836 1838.474677249836 1838.474677249836 1838.474677249836;1838.6756707538777;"[[8566,8566,8566,8566,8566,8566,8566,8566,8566,8566,8566,8566,8566,8566,8566,8566,8566,8566,8566,8566,8566,8566,8566,8566,8567,8567,8567,8567,8567,8567,8567,8567,8567,8567,8567,8567,8567,8567,8567,8567,8567,8567,8567,8567,8567,8567,8567,8567,8567,8567,8567,8567,8567,8567,8567,8567,8567,8567,8567,8567,8567,8567,8567,8567,8567,8567,8567,8567,8567,8567,8567,8567,8567,8567,8567,8567,8567,8567,8567,8567,8567,8567,8567,8567,8567,8567,8567,8567,8567,8567,8567,8567,8567,8567,8567,8567,8567,8567,8567,8567,8567,8567,8567,8567,8567,8567,8567,8567,8567,8567,8567,8567,8567,8567,8567,8567,8567,8567,8567,8567,8567,8568,8568,8568,8568,8568,8568,8568,8568,8568,8568,8568,8568,8568,8568,8568,8568,8568,8568,8568,8568,8568],[12934,12934,12934,12934,12934,12934,12934,12934,12934,12934,12934,12934,12934,12934,12934,12934,12934,12934,12934,12934,12934,12934,12934,12934,12934,12934,12934,12934,12934,12934,12934,12934,12934,12934,12934,12934,12934,12934,12935,12935,12935,12935,12935,12935,12935,12935,12935,12935,12935,12935,12935,12935,12935,12935,12935,12935,12935,12935,12935,12935,12935,12935,12935,12935,12935,12935,12935,12935,12935,12935,12935,12935,12935,12935,12935,12935,12935,12935,12935,12935,12935,12935,12935,12935,12935,12935,12935,12935,12935,12935,12935,12935,12935,12935,12935,12935,12935,12935,12935,12935,12935,12935,12935,12935,12935,12935,12935,12935,12935,12935,12935,12935,12935,12935,12935,12935,12935,12935,12935,12935,12935,12935,12935,12935,12935,12935,12935,12935,12935,12935,12935,12935,12935,12935,12935,12935,12935,12935,12935,12935,12935,12935],[8254,8254,8254,8254,8254,8254,8254,8254,8254,8254,8254,8254,8254,8254,8254,8254,8254,8254,8254,8254,8254,8254,8254,8254,8254,8254,8254,8254,8254,8254,8254,8254,8254,8254,8254,8254,8254,8254,8254,8254,8255,8255,8255,8255,8255,8255,8255,8255,8255,8255,8255,8255,8255,8255,8255,8255,8255,8255,8255,8255,8255,8255,8255,8255,8255,8255,8255,8255,8255,8255,8255,8255,8255,8255,8255,8255,8255,8255,8255,8255,8255,8255,8255,8255,8255,8255,8255,8255,8255,8255,8255,8255,8255,8255,8255,8255,8255,8255,8255,8255,8255,8255,8255,8255,8255,8255,8255,8255,8255,8255,8255,8255,8255,8255,8255,8255,8255,8255,8255,8255,8255,8255,8255,8255,8255,8255,8255,8255,8255,8255,8256,8256,8256,8256,8256,8256,8256,8256,8256,8256,8256,8256],[11364,11364,11364,11364,11364,11364,11364,11364,11364,11364,11364,11364,11364,11364,11364,11364,11364,11364,11364,11364,11364,11364,11364,11364,11364,11364,11364,11364,11364,11364,11364,11364,11364,11364,11364,11364,11364,11364,11364,11364,11364,11364,11364,11364,11364,11364,11364,11364,11364,11364,11364,11364,11364,11364,11364,11364,11364,11364,11364,11364,11364,11364,11364,11364,11364,11364,11364,11364,11364,11364,11364,11364,11364,11364,11364,11364,11364,11364,11364,11364,11364,11364,11364,11364,11364,11364,11364,11364,11364,11364,11364,11364,11364,11364,11364,11364,11364,11364,11364,11364,11364,11364,11364,11364,11364,11364,11364,11364,11364,11364,11364,11364,11364,11364,11364,11364,11364,11365,11365,11365,11365,11365,11365,11365,11365,11365,11365,11365,11365,11365,11365,11365,11365,11365,11365,11365,11365,11365,11365,11365,11365,11365],[8298,8298,8298,8298,8298,8298,8298,8298,8298,8298,8298,8298,8298,8298,8298,8298,8298,8298,8298,8298,8298,8298,8298,8298,8298,8298,8298,8298,8298,8298,8298,8298,8298,8298,8298,8298,8298,8298,8298,8298,8298,8298,8298,8298,8298,8298,8298,8298,8298,8298,8298,8298,8298,8298,8298,8298,8298,8298,8298,8298,8298,8298,8298,8298,8298,8298,8298,8298,8298,8298,8298,8298,8299,8299,8299,8299,8299,8299,8299,8299,8299,8299,8299,8299,8299,8299,8299,8299,8299,8299,8299,8299,8299,8299,8299,8299,8299,8299,8299,8299,8299,8299,8299,8299,8299,8299,8299,8299,8299,8299,8299,8299,8299,8299,8299,8299,8299,8299,8299,8299,8299,8299,8299,8299,8299,8299,8299,8299,8299,8299,8299,8299,8299,8299,8299,8299,8299,8299,8299,8299,8299,8299],[11386,11386,11386,11386,11386,11386,11386,11386,11386,11386,11386,11386,11386,11386,11386,11386,11386,11386,11386,11386,11386,11386,11386,11386,11386,11386,11386,11386,11386,11386,11386,11386,11386,11386,11386,11386,11386,11386,11386,11386,11386,11386,11386,11386,11387,11387,11387,11387,11387,11387,11387,11387,11387,11387,11387,11387,11387,11387,11387,11387,11387,11387,11387,11387,11387,11387,11387,11387,11387,11387,11387,11387,11387,11387,11387,11387,11387,11387,11387,11387,11387,11387,11387,11387,11387,11387,11387,11387,11387,11387,11387,11387,11387,11387,11387,11387,11387,11387,11387,11387,11387,11387,11387,11387,11387,11387,11387,11387,11387,11387,11387,11387,11387,11387,11387,11387,11387,11387,11387,11387,11387,11387,11387,11387,11387,11387,11387,11388,11388,11388,11388,11388,11388,11388,11388,11388,11388,11388,11388,11388,11388,11388]]"
interactive-discover-4;0;false;;0;3112eede040aaa01aedc457789eed356;69;69;69;0;6;5;5;5;2939.3333333333335;3572;1726;3507 3147 3572 2443 3241 1726;2938.8333333333335 2939 2939 2939.3333333333335 2939.3333333333335;3571 3572 3572 3572 3572;1725 1725 1725 1726 1726;655.4032897554163 655.564133653858 655.564133653858 655.1291645333936 655.1291645333936;655.1291645333936;"[[3507,3507,3507,3507,3507],[3147,3147,3147,3147,3147],[3571,3572,3572,3572,3572],[2442,2442,2442,2443,2443],[3241,3241,3241,3241,3241],[1725,1725,1725,1726,1726]]"
interactive-discover-4;1;false;;0;cd6f381a6281527b1dbda2f21a1a702a;56;56;56;0;6;3;3;3;3058.3333333333335;3891;2286;3891 3480 3278 3025 2390 2286;3058.1666666666665 3058.1666666666665 3058.1666666666665;3891 3891 3891;2286 2286 2286;571.9596188154856 571.9596188154856 571.9596188154856;572.0823561535718;"[[3891,3891,3891],[3479,3479,3479],[3278,3278,3278],[3025,3025,3025],[2390,2390,2390],[2286,2286,2286]]"
interactive-discover-4;2;false;;0;ed1ebad4adf97e9e94be0ca88af2d8bb;49;49;49;0;6;3;3;3;3436.3333333333335;5928;1595;4341 2027 5928 2633 1595 4094;3436.1666666666665 3436.1666666666665 3436.1666666666665;5928 5928 5928;1594 1594 1594;1499.1723735299938 1499.1723735299938 1499.1723735299938;1498.9676076849987;"[[4341,4341,4341],[2027,2027,2027],[5928,5928,5928],[2633,2633,2633],[1594,1594,1594],[4094,4094,4094]]"
interactive-discover-4;3;false;;0;16a10be88d7ff874026ce66a4e993ecb;37;37;37;0;6;3;3;3;3006.1666666666665;6856;1571;1571 1591 6856 3279 3057 1683;3006 3006 3006.1666666666665;6856 6856 6856;1571 1571 1571;1858.0480797510775 1858.0480797510775 1857.9293507079922;1857.9293507079922;"[[1571,1571,1571],[1591,1591,1591],[6856,6856,6856],[3279,3279,3279],[3057,3057,3057],[1682,1682,1683]]"
interactive-discover-4;4;false;;0;d0ef3bb68aa278a8f97f329adee97dd8;67;67;67;0;6;7;7;7;4998;11006;2767;2767 2782 11006 3037 4296 6100;4997.666666666667 4997.833333333333 4997.833333333333 4997.833333333333 4997.833333333333 4997.833333333333 4998;11006 11006 11006 11006 11006 11006 11006;2767 2767 2767 2767 2767 2767 2767;2931.017040020219 2930.9055151759653 2930.9055151759653 2930.9055151759653 2930.9055151759653 2930.9055151759653 2930.779475384208;2930.779475384208;"[[2767,2767,2767,2767,2767,2767,2767],[2781,2781,2781,2781,2781,2781,2782],[11006,11006,11006,11006,11006,11006,11006],[3036,3037,3037,3037,3037,3037,3037],[4296,4296,4296,4296,4296,4296,4296],[6100,6100,6100,6100,6100,6100,6100]]"
interactive-discover-5;0;false;;0;cab888487e7572de37a55f0e8c3ec060;53;53;53;0;6;15;15;15;3605.3333333333335;4361;2349;3148 3672 2349 4268 3834 4361;1327 1328.3333333333333 1390.8333333333333 1395.3333333333333 1398.8333333333333 1437.5 1459.5 1470 1475.8333333333333 1486.5 1496.8333333333333 1517.6666666666667 1593.1666666666667 1737.8333333333333 1833.6666666666667;1672 1672 1720 1721 1723 1787 1812 1836 1842 1863 1867 1899 1972 2110 2199;789 791 835 836 838 886 915 928 930 942 945 961 1038 1184 1289;293.420062935944 293.1351603308996 305.9294127009621 309.137869278777 309.76518884829875 304.8063592949902 296.6685861361125 297.47268782192424 298.8229222949419 300.25253260103125 305.03192000546795 311.95922098177437 309.1328822511266 309.03582136847643 304.31927678381174;689.7365841794646;"[[1134,1134,1164,1165,1168,1221,1271,1285,1288,1296,1298,1314,1390,1531,1628],[1368,1371,1450,1451,1457,1468,1478,1479,1495,1498,1512,1512,1597,1740,1834],[789,791,835,836,838,886,915,928,930,942,945,961,1038,1184,1289],[1672,1672,1720,1721,1723,1787,1812,1836,1842,1863,1867,1899,1972,2110,2199],[1430,1432,1512,1513,1515,1568,1586,1587,1589,1605,1608,1629,1711,1859,1958],[1569,1570,1664,1686,1692,1695,1695,1705,1711,1715,1751,1791,1851,2003,2094]]"
interactive-discover-5;1;false;;0;7fc43bb183e4fb0238576536413c6c45;52;52;52;0;6;3;3;3;2789.3333333333335;3741;1415;3418 2996 3433 1733 1415 3741;1180.8333333333333 1876.5 2015.3333333333333;1560 2577 2744;710 1012 1082;292.82100144779383 555.1461519275803 603.1090743435681;890.9303501895582;"[[1328,2170,2356],[1278,2074,2233],[1335,2178,2365],[874,1248,1312],[710,1012,1082],[1560,2577,2744]]"
interactive-discover-5;2;false;;0;2543010e761cb36b6f0c3e103e58af43;45;45;45;0;6;3;3;3;2547;3157;2027;2523 2854 2027 2205 3157 2516;1188.8333333333333 1234.1666666666667 2083.1666666666665;1485 1543 2679;896 942 1471;190.5005832595329 197.60011527212114 397.3392407278977;377.54690657806566;"[[1208,1241,2102],[1319,1400,2413],[896,942,1471],[1025,1076,1754],[1485,1543,2679],[1200,1203,2080]]"
interactive-discover-5;3;false;;0;76fc6cfa5c07ff3011e9f2d7ac2ae7e0;32;32;32;0;6;4;4;4;2332.1666666666665;3050;1631;1631 3050 2019 1934 2454 2905;1212.5 1254.6666666666667 1338 1363;1567 1639 1775 1787;959 993 1082 1092;242.4374489773943 260.89120763686583 271.7719632338847 276.7116429305665;517.4473939982262;"[[997,1037,1084,1109],[1567,1639,1775,1787],[993,998,1082,1092],[959,993,1093,1106],[1301,1338,1421,1466],[1458,1523,1573,1618]]"
interactive-discover-5;4;false;;0;880a30fb8a9114b4807acb78d9e7d141;47;47;47;0;6;20;20;20;3105.5;5402;2098;2098 5402 4020 2261 2508 2344;1166.5 1168 1181 1218.8333333333333 1235.6666666666667 1242.5 1262.8333333333333 1269.6666666666667 1278.6666666666667 1283 1339.5 1348.5 1353.1666666666667 1364.3333333333333 1383.3333333333333 1389.6666666666667 1400.3333333333333 1482 1527.8333333333333 1650.5;2017 2019 2034 2082 2087 2091 2101 2110 2132 2137 2166 2181 2189 2200 2204 2204 2229 2293 2336 2446;761 763 771 810 835 843 854 854 858 860 925 930 931 944 955 968 970 1071 1116 1245;476.1949005746842 476.5249206494871 476.36260698477724 481.6275935708926 473.20279890221366 470.93408951430416 482.24731437533404 485.6973222994841 492.13130587498927 491.91089979114446 466.9663621004551 472.4005186279964 473.85420284677815 472.0595536817598 482.1063736931463 478.2780455852943 487.9220110723525 461.0567571713198 458.46607168785005 454.05827452725345;1209.3626076023133;"[[892,894,902,943,965,968,972,986,992,1003,1113,1125,1126,1129,1140,1152,1155,1259,1309,1433],[2017,2019,2034,2082,2087,2091,2101,2110,2132,2137,2166,2181,2189,2200,2204,2204,2229,2293,2336,2446],[1618,1620,1629,1671,1675,1678,1755,1770,1783,1785,1788,1807,1812,1818,1894,1896,1920,1932,1972,2098],[761,763,771,810,835,843,854,854,858,860,925,930,931,944,955,968,970,1071,1116,1245],[864,865,876,913,935,943,951,952,957,958,1023,1024,1027,1042,1050,1056,1059,1167,1217,1340],[847,847,874,894,917,932,944,946,950,955,1022,1024,1034,1053,1057,1062,1069,1170,1217,1341]]"
interactive-discover-6;0;true;Unexpected "!" at position 0 in state STOP;6;;;;;;6;0;0;0;0;0;0;NaN NaN NaN NaN NaN NaN;1308.3333333333333 1330.3333333333333 1370.5 1418.8333333333333 1447.8333333333333 1490.8333333333333 1541.6666666666667 1594.6666666666667 1626.1666666666667 1683.1666666666667 1719 1765.8333333333333 1821.8333333333333 1865.8333333333333 1920 1973 2026.3333333333333 2109.5 2195.6666666666665 2241.8333333333335 2280.8333333333335 2390 2453.3333333333335 2514.5 2636.6666666666665 2842.5 2924.8333333333335 2979 3024.1666666666665 3186.3333333333335 3291.6666666666665 3402 3729.6666666666665;1670 1708 1766 1823 1869 1923 1987 2050 2099 2162 2212 2273 2338 2396 2456 2503 2571 2629 2721 2741 2794 2852 2898 3009 3010 3134 3271 3328 3421 3749 3912 4233 4924;850 874 901 946 972 1009 1054 1083 1110 1160 1189 1227 1272 1316 1430 1546 1598 1712 1836 1893 1914 2078 2157 2214 2339 2673 2715 2761 2821 2861 2951 2957 3025;268.741924943285 276.3600710827975 287.42056873740495 294.9618148544354 301.7302419196473 306.7558294293507 316.05730844614595 327.7049825003513 335.4685363620393 339.7344142447483 347.98132133779825 357.8274335796827 361.1197477599671 371.2584080604176 362.86636658692964 352.2243603159781 358.1078360246006 334.49651218909094 309.4617190470504 293.6451467711023 311.94145640203425 259.13638622676416 245.4334035039965 263.57083171954616 199.3386286922053 193.09820472150088 205.9995280469243 227.13505527182133 235.18958074049306 286.17224805273406 323.03233412289995 420.98139309633785 653.4859515619972;NaN;"[[1343,1347,1378,1405,1434,1474,1514,1556,1585,1672,1693,1721,1754,1784,1822,1856,1909,1941,2035,2102,2117,2280,2361,2404,2545,2730,2794,2835,2889,3170,3295,3479,4185],[850,874,901,946,972,1009,1054,1083,1110,1160,1189,1227,1272,1316,1430,1546,1598,1747,1885,1949,1962,2149,2227,2277,2624,3094,3271,3328,3421,3749,3912,4233,4924],[1424,1468,1512,1564,1607,1649,1714,1792,1818,1859,1903,1960,2022,2074,2122,2170,2216,2313,2338,2357,2428,2461,2510,2564,2624,2673,2715,2761,2821,2861,2951,2957,3025],[1086,1086,1114,1151,1165,1204,1238,1289,1307,1348,1375,1412,1486,1506,1528,1556,1599,1712,1836,1893,1914,2078,2157,2214,2339,2707,2799,2828,2869,3081,3181,3305,3650],[1670,1708,1766,1823,1869,1923,1987,2050,2099,2162,2212,2273,2338,2396,2456,2503,2571,2629,2721,2741,2794,2852,2898,3009,3010,3134,3144,3265,3280,3288,3427,3434,3457],[1477,1499,1552,1624,1640,1686,1743,1798,1838,1898,1942,2002,2059,2119,2162,2207,2265,2315,2359,2409,2470,2520,2567,2619,2678,2717,2826,2857,2865,2969,2984,3004,3137]]"
interactive-discover-6;1;false;;0;cd3466cc43b32ce51d8f13d5516f2ef2;52;52;52;0;6;1;1;1;2981.6666666666665;3059;2780;2969 3059 2981 3051 2780 3050;2981.1666666666665;3059;2780;96.76159132401428;96.8567097429095;"[[2968],[3059],[2980],[3050],[2780],[3050]]"
interactive-discover-6;2;false;;0;29960679941029d6a70f26d6904d3728;45;45;45;0;6;1;1;1;6690.833333333333;12546;3641;3641 12108 3742 12546 3993 4115;6687.166666666667;12543;3638;3989.828668696885;3990.3841676655093;"[[3638],[12102],[3738],[12543],[3990],[4112]]"
interactive-discover-6;3;true;Unexpected "!" at position 0 in state STOP;6;;;;;;6;0;0;0;0;0;0;NaN NaN NaN NaN NaN NaN;1887.3333333333333 1902.1666666666667;2634 2643;1325 1355;471.89499773666694 464.90981801731067;NaN;"[[1548,1548],[1487,1523],[1325,1355],[2037,2042],[2293,2302],[2634,2643]]"
interactive-discover-6;4;false;;0;613936d3d666a311d54e99e3a8f9cdad;47;47;47;0;6;27;27;27;3872.6666666666665;3990;3638;3941 3969 3830 3638 3990 3868;1398.5 1460.1666666666667 1497.3333333333333 1537.5 1599.3333333333333 1667 1701 1821 1976 2039.6666666666667 2091.6666666666665 2100 2128.6666666666665 2236.3333333333335 2385.3333333333335 2416 2543.6666666666665 2572.8333333333335 2682.3333333333335 2817 2959.6666666666665 3111.8333333333335 3219.8333333333335 3372.5 3458.8333333333335 3601.3333333333335 3830;1463 1525 1556 1615 1666 1757 1801 1960 2102 2171 2216 2223 2243 2342 2482 2514 2631 2675 2803 2940 3082 3197 3313 3468 3559 3705 3935;1266 1328 1379 1389 1435 1468 1512 1617 1776 1826 1879 1896 1929 2040 2186 2219 2342 2359 2471 2615 2733 2851 2974 3142 3226 3363 3599;62.46265550977907 61.99843187981093 55.63172556095029 71.0862152600629 79.8470760614035 99.59919678390986 97.42518497116988 112.07289294621306 105.00317455518507 107.62537908050415 104.48710712597779 101.28507622876465 97.98752755098761 95.57312499977293 101.77371413527605 100.7604419733591 97.64504880205425 105.89368358038276 105.42243067245646 101.12698288126006 113.62462565639349 121.49954275176876 115.13385929237131 109.3537836565338 111.10418033939537 114.18503501870208 114.5512985522207;118.76260167054087;"[[1427,1482,1511,1533,1583,1622,1649,1761,1932,2030,2086,2086,2119,2238,2378,2410,2537,2561,2678,2824,2980,3111,3209,3364,3455,3617,3863],[1406,1464,1505,1549,1599,1690,1720,1871,2035,2091,2139,2147,2176,2291,2443,2471,2603,2675,2803,2940,3059,3188,3292,3451,3543,3690,3935],[1463,1525,1556,1615,1666,1751,1781,1911,2045,2099,2142,2149,2177,2281,2476,2505,2616,2632,2730,2846,2971,3127,3244,3381,3459,3584,3790],[1266,1328,1379,1389,1435,1468,1512,1617,1776,1826,1879,1896,1929,2040,2186,2219,2342,2359,2471,2615,2733,2851,2974,3142,3226,3363,3599],[1402,1477,1508,1564,1657,1714,1743,1806,1966,2021,2088,2099,2128,2226,2347,2377,2533,2553,2661,2796,2933,3197,3313,3468,3559,3705,3934],[1427,1485,1525,1575,1656,1757,1801,1960,2102,2171,2216,2223,2243,2342,2482,2514,2631,2657,2751,2881,3082,3197,3287,3429,3511,3649,3859]]"
interactive-discover-7;0;true;Unexpected "!" at position 0 in state STOP;6;;;;;;6;0;0;0;0;0;0;NaN NaN NaN NaN NaN NaN;1542;1825;1359;152.88121750779808;NaN;"[[1619],[1825],[1544],[1404],[1501],[1359]]"
interactive-discover-7;1;false;;0;75ab2bd12ac1e16dcc02f8c9e8d97308;52;52;52;0;6;1;1;1;2970.8333333333335;3076;2790;3076 2856 3068 2969 3066 2790;2970.1666666666665;3075;2789;111.96490025400323;112.13744047175125;"[[3075],[2856],[3067],[2969],[3065],[2789]]"
interactive-discover-7;2;false;;0;faf54113a5297c559416a2dd78b9cc86;45;45;45;0;6;1;1;1;4022.3333333333335;12249;1655;2830 12249 2748 2961 1655 1691;4018.8333333333335;12245;1652;3716.573126625595;3716.8409376183363;"[[2826],[12245],[2745],[2957],[1652],[1688]]"
interactive-discover-7;3;true;Unexpected "!" at position 0 in state STOP;6;;;;;;6;0;0;0;0;0;0;NaN NaN NaN NaN NaN NaN;2225.3333333333335;2878;1493;417.704307960654;NaN;"[[2878],[2388],[1493],[2387],[2135],[2071]]"
interactive-discover-7;4;false;;0;3ee14484ce425fdbae40700cdd59c0d2;47;47;47;0;6;1;1;1;4252.666666666667;5241;3892;3913 3892 4084 5241 3984 4402;1471.3333333333333;1528;1374;53.86299492436549;473.49539479163775;"[[1374],[1487],[1494],[1528],[1428],[1517]]"
interactive-discover-8;0;false;;0;6de458b391c32b212e7929ae0ffc458b;7;8;6;0.816496580927726;6;10;10;10;1460;1903;983;1806 1903 1432 1526 983 1110;1443 1443.3333333333333 1455.5 1455.5 1455.5 1456 1456.5 1456.5 1458.1666666666667 1458.1666666666667;1890 1891 1897 1897 1897 1897 1897 1897 1900 1900;978 979 979 979 979 979 982 982 982 982;326.7251648302183 326.7163227565399 334.59963638155176 334.59963638155176 334.59963638155176 334.58332295558307 333.8716070587614 333.8716070587614 334.1842888121596 334.1842888121596;334.4483019341953;"[[1750,1750,1802,1802,1802,1803,1803,1803,1804,1804],[1890,1891,1897,1897,1897,1897,1897,1897,1900,1900],[1428,1428,1428,1428,1428,1429,1429,1429,1431,1431],[1521,1521,1524,1524,1524,1524,1524,1524,1525,1525],[978,979,979,979,979,979,982,982,982,982],[1091,1091,1103,1103,1103,1104,1104,1104,1107,1107]]"
interactive-discover-8;1;false;;0;94c08ac69169941707291254297ea93a;8.333333333333334;9;8;0.4714045207910317;6;10;10;10;1431.1666666666667;2129;741;2129 1685 916 1557 1559 741;1263.8333333333333 1347 1347 1348.3333333333333 1348.5 1350.3333333333333 1350.5 1350.5 1428.8333333333333 1429.5;1889 2011 2011 2013 2013 2015 2015 2015 2127 2127;602 727 727 729 729 734 735 735 741 741;439.92931881787047 425.8571748055131 425.8571748055131 425.877786329469 425.91147358733286 425.25626260983967 425.01480366374693 425.01480366374693 469.3617711554939 469.5390470095822;469.9831261746414;"[[1889,2011,2011,2013,2013,2015,2015,2015,2127,2127],[1481,1567,1567,1568,1568,1570,1570,1570,1684,1684],[776,902,902,903,903,904,904,904,914,914],[1417,1441,1441,1443,1443,1444,1444,1444,1555,1555],[1418,1434,1434,1434,1435,1435,1435,1435,1552,1556],[602,727,727,729,729,734,735,735,741,741]]"
interactive-discover-8;2;false;;0;8bda8bc2c551471bfae3b1dc0c6f970c;12.833333333333334;13;12;0.3726779962499649;6;10;10;10;2049;4103;1149;1149 4103 1511 1907 1954 1670;1397.8333333333333 1475 1862 1862 1864 1864 1999.1666666666667 2037.5 2037.5 2044.1666666666667;2989 3320 3724 3724 3724 3724 3983 4089 4089 4101;547 664 979 979 981 981 1095 1134 1134 1139;767.5750596666246 863.234228545957 876.6053844233447 876.6053844233447 875.8239929727129 875.8239929727129 928.4170070011045 956.0921765185614 956.0921765185614 958.5475847459124;956.6599883622882;"[[547,664,979,979,981,981,1095,1134,1134,1139],[2989,3320,3724,3724,3724,3724,3983,4089,4089,4101],[961,966,1374,1374,1376,1376,1486,1500,1500,1505],[1366,1372,1758,1758,1760,1760,1875,1897,1897,1902],[1421,1423,1810,1810,1813,1813,1923,1945,1945,1953],[1103,1105,1527,1527,1530,1530,1633,1660,1660,1665]]"
interactive-discover-8;3;true;Result hash inconsistency;3;fa1ae3a05a8569e58e1d68abb391cda9;8.333333333333334;9;8;0.4714045207910317;6;10;10;10;1522.3333333333333;2138;1262;1262 1377 1650 1375 2138 1332;1406.1666666666667 1406.1666666666667 1506 1506 1509.6666666666667 1509.6666666666667 1510.1666666666667 1514.1666666666667 1517 1517;2024 2024 2125 2125 2130 2130 2130 2130 2135 2135;1091 1091 1242 1242 1243 1243 1244 1252 1252 1252;317.5171473934737 317.5171473934737 302.80521792069567 302.80521792069567 303.54662830536523 303.54662830536523 303.23885891414966 300.79528845305333 302.28408272131475 302.28408272131475;300.6030974927275;"[[1091,1091,1242,1242,1243,1243,1244,1252,1252,1252],[1216,1216,1362,1362,1362,1362,1363,1371,1371,1371],[1600,1600,1636,1636,1641,1641,1641,1641,1647,1647],[1213,1213,1363,1363,1363,1363,1364,1372,1372,1372],[2024,2024,2125,2125,2130,2130,2130,2130,2135,2135],[1293,1293,1308,1308,1319,1319,1319,1319,1325,1325]]"
interactive-discover-8;4;true;Result hash inconsistency;2;184c296e11a52ef29bc59e039d97a378;7.833333333333333;8;7;0.37267799624996495;6;10;10;10;1206.3333333333333;1433;937;1350 937 1352 1097 1069 1433;1182.1666666666667 1190.3333333333333 1192.1666666666667 1195.1666666666667 1195.3333333333333 1195.8333333333333 1196.8333333333333 1198.1666666666667 1200.3333333333333 1201.8333333333333;1412 1422 1422 1426 1427 1427 1428 1428 1429 1431;906 906 912 912 912 914 915 922 926 926;182.20630858696657 185.69030370185968 183.5668966768125 185.08414002525686 185.29226163610346 184.66313173511983 184.91206618882995 183.02132541197366 182.07568633827955 182.9548365641702;181.01166322152343;"[[1319,1332,1332,1338,1338,1338,1340,1340,1342,1345],[906,906,912,912,912,914,915,922,926,926],[1332,1342,1342,1345,1345,1345,1346,1346,1347,1349],[1067,1083,1083,1088,1088,1088,1089,1089,1092,1094],[1057,1057,1062,1062,1062,1063,1063,1064,1066,1066],[1412,1422,1422,1426,1427,1427,1428,1428,1429,1431]]"
interactive-short-1;0;false;;0;6b641713c69378408c911f18ba9ba38b;54.166666666666664;55;54;0.372677996249965;6;1;1;1;3565.8333333333335;5709;2251;5709 4116 3094 2251 3487 2738;1090.6666666666667;1688;524;364.6023709315244;1120.920963117184;"[[1688],[1323],[999],[524],[1151],[859]]"
interactive-short-1;1;false;;0;f02ab3570928d3fc74a51ceb7a4a39ac;53;53;53;0;6;1;1;1;2893.5;3294;2529;3208 2529 2912 3294 2627 2791;885.8333333333334;997;709;97.33690061956064;281.08169037962375;"[[997],[709],[886],[996],[857],[870]]"
interactive-short-1;2;false;;0;ff4ea17b4281fdba2a7a842efe3a722a;46;46;46;0;6;1;1;1;2321.8333333333335;3018;1885;1989 2005 3018 2170 2864 1885;757.6666666666666;972;548;155.02114551104168;447.8896503480393;"[[716],[697],[972],[658],[955],[548]]"
interactive-short-1;3;false;;0;64191c6d5f502dc3f35888f44214ade1;33;33;33;0;6;1;1;1;2426.3333333333335;4063;1554;1711 4063 1823 3142 2265 1554;1063.3333333333333;1735;690;368.99623605427496;899.4038148808477;"[[735],[1735],[911],[1353],[956],[690]]"
interactive-short-1;4;false;;0;d8972c3dd7a9ab1cc6d9b0773f1037c3;48;48;48;0;6;1;1;1;2750;3323;2141;3323 3002 2657 2270 3107 2141;906.8333333333334;1073;638;178.94917031256546;433.82254436578097;"[[1072],[1050],[912],[696],[1073],[638]]"
interactive-short-2;0;true;Unexpected "!" at position 0 in state STOP;6;;;;;;6;0;0;0;0;0;0;NaN NaN NaN NaN NaN NaN;;;;;NaN;
interactive-short-2;1;true;Unexpected "!" at position 0 in state STOP;6;;;;;;6;0;0;0;0;0;0;NaN NaN NaN NaN NaN NaN;;;;;NaN;
interactive-short-2;2;true;Unexpected "!" at position 0 in state STOP;6;;;;;;6;0;0;0;0;0;0;NaN NaN NaN NaN NaN NaN;;;;;NaN;
interactive-short-2;3;true;Unexpected "!" at position 0 in state STOP;6;;;;;;6;0;0;0;0;0;0;NaN NaN NaN NaN NaN NaN;;;;;NaN;
interactive-short-2;4;true;Unexpected "!" at position 0 in state STOP;6;;;;;;6;0;0;0;0;0;0;NaN NaN NaN NaN NaN NaN;;;;;NaN;
interactive-short-3;0;true;Unexpected "!" at position 0 in state STOP;6;;;;;;6;0;0;0;0;0;0;NaN NaN NaN NaN NaN NaN;1249.6666666666667 1354.3333333333333 1440.6666666666667;1349 1450 1490;1149 1205 1296;86.77877364629876 102.22143719505327 68.0971528202334;NaN;"[[1339,1441,1489],[1174,1205,1427],[1349,1450,1490],[1168,1396,1478],[1319,1415,1464],[1149,1219,1296]]"
interactive-short-3;1;true;Unexpected "!" at position 0 in state STOP;6;;;;;;6;0;0;0;0;0;0;NaN NaN NaN NaN NaN NaN;1291.5 1460.1666666666667 1588 1653 1741.3333333333333 1815 1857.5;1384 1610 1758 1806 1899 1944 1971;1126 1222 1387 1487 1605 1628 1638;82.2470870811443 142.14947141028074 109.34806811279292 94.2461316624366 91.2280414979712 106.27950570704276 105.25326598258127;NaN;"[[1283,1559,1608,1642,1720,1754,1871],[1350,1610,1627,1697,1776,1944,1971],[1126,1222,1387,1487,1605,1628,1638],[1282,1367,1582,1637,1770,1795,1871],[1384,1602,1758,1806,1899,1919,1928],[1324,1401,1566,1649,1678,1850,1866]]"
interactive-short-3;2;true;Unexpected "!" at position 0 in state STOP;6;;;;;;6;0;0;0;0;0;0;NaN NaN NaN NaN NaN NaN;1255.8333333333333 1355;1575 1620;1047 1130;186.1463731105772 181.33854159187084;NaN;"[[1212,1476],[1411,1462],[1068,1130],[1047,1136],[1575,1620],[1222,1306]]"
interactive-short-3;3;true;Unexpected "!" at position 0 in state STOP;6;;;;;;6;0;0;0;0;0;0;NaN NaN NaN NaN NaN NaN;1551.5 1617.1666666666667 1709.1666666666667 1746.3333333333333 1808 1853.1666666666667 1913 1934 1962.6666666666667 2019 2165.6666666666665;1810 1892 1956 1981 2053 2099 2150 2182 2200 2258 2342;863 923 1077 1094 1119 1256 1256 1298 1354 1405 1894;330.63310481559466 339.19778727003643 299.7234373366369 301.3899283136198 323.8868115046778 290.37241413207437 313.11659170347394 305.8681633209533 290.60607166556053 298.2336891320854 168.77269394727992;NaN;"[[1616,1679,1724,1839,1846,1846,1942,1943,1988,2004,2061],[1780,1881,1916,1929,2013,2050,2119,2139,2143,2236,2326],[1777,1830,1896,1896,2033,2099,2150,2182,2200,2258,2342],[863,923,1077,1094,1119,1256,1256,1298,1354,1405,1894],[1810,1892,1956,1981,2053,2070,2147,2159,2174,2242,2305],[1463,1498,1686,1739,1784,1798,1864,1883,1917,1969,2066]]"
interactive-short-3;4;true;Unexpected "!" at position 0 in state STOP;6;;;;;;6;0;0;0;0;0;0;NaN NaN NaN NaN NaN NaN;1217.1666666666667 1362.6666666666667 1426 1567.1666666666667 1708 1750.3333333333333 16188 16388.833333333332 16642.333333333332;1364 1522 1571 1701 1831 1856 30946 30979 31719;919 997 1035 1287 1470 1524 10465 10678 10737;141.67735253816053 185.53855544213863 189.97719161344958 147.08434843842346 119.43059351215946 109.74009699689938 8028.121282923754 7998.944355698167 8212.345861905449;NaN;"[[919,997,1035,1287,1470,1524,23235,23598,23890],[1269,1518,1562,1668,1772,1795,10627,10900,10941],[1272,1522,1571,1681,1831,1856,10465,10678,10737],[1364,1502,1567,1701,1791,1831,11261,11350,11350],[1199,1317,1454,1596,1726,1774,10594,10828,11217],[1280,1320,1367,1470,1658,1722,30946,30979,31719]]"
interactive-short-4;0;false;;0;3f46276a77999064fb3ba4bff311f31a;3;3;3;0;6;1;1;1;604.3333333333334;988;406;406 634 704 988 483 411;409.8333333333333;796;125;219.90408262593843;203.89921257545083;"[[265],[474],[531],[796],[125],[268]]"
interactive-short-4;1;false;;0;78c766f4d6731abc33d53d3bf4288b76;3;3;3;0;6;1;1;1;512.1666666666666;653;461;475 499 484 461 501 653;350;487;308;62.72692138680701;64.45260963598672;"[[318],[347],[331],[309],[308],[487]]"
interactive-short-4;2;false;;0;a43ca2b0f5f7f3fcc143ff5b5ebb98b7;2;2;2;0;6;1;1;1;1232.3333333333333;2034;708;942 942 1890 708 878 2034;400.3333333333333;450;257;65.39283005209532;523.491377409621;"[[417],[420],[442],[416],[450],[257]]"
interactive-short-4;3;false;;0;83e03237caeae11a9732e31c8720de82;2;2;2;0;6;1;1;1;844.1666666666666;1443;309;1443 902 1115 309 919 377;320;417;134;122.99186964998947;396.97708442119875;"[[404],[402],[404],[134],[417],[159]]"
interactive-short-4;4;false;;0;c591516b8d3f4248553bf98a8799bd7b;2;2;2;0;6;1;1;1;772.6666666666666;1033;519;1030 1033 525 519 725 804;486.5;633;342;104.62592094377632;209.33757957476774;"[[532],[536],[354],[342],[522],[633]]"
interactive-short-5;0;false;;0;2ea3dd5ece6fda9d0a57c17483f3cf2b;587;587;587;0;6;1;1;1;18031;21772;14914;17292 21772 16535 14914 21513 16160;862.1666666666666;980;725;101.82896880990639;2649.5242340213963;"[[937],[956],[725],[743],[980],[832]]"
interactive-short-5;1;false;;0;54abbe4ac93c0eba90cda6bc7ae2e844;297;297;297;0;6;1;1;1;12220.333333333334;16265;8721;14519 13323 8721 10164 10330 16265;1023.8333333333334;1366;674;298.2825375750686;2674.1438297560253;"[[1339],[1243],[674],[696],[825],[1366]]"
interactive-short-5;2;false;;0;170b120f240ad4db0309b932157c2c64;41;41;41;0;6;1;1;1;4568.666666666667;6921;1825;6921 5932 4400 2078 1825 6256;1896.5;2619;665;787.1695603023954;1999.9508049505173;"[[2363],[2305],[2619],[930],[665],[2497]]"
interactive-short-5;3;false;;0;3f817665bc267ce96f4299d28268251c;42;42;42;0;6;1;1;1;2242.6666666666665;2974;1576;1772 2974 1576 2005 2692 2437;974.3333333333334;1673;598;405.91775302667196;499.49496716405685;"[[598],[1673],[741],[613],[1372],[849]]"
interactive-short-5;4;false;;0;f1ca5a8320e2b90bbd4c6692a70e0d20;269;269;269;0;6;1;1;1;10355.333333333334;17525;6263;12952 6263 10623 7151 7618 17525;927.8333333333334;1904;497;487.3107894922454;3931.2080699053427;"[[1121],[497],[878],[515],[652],[1904]]"
interactive-short-6;0;true;Unexpected "!" at position 0 in state STOP;6;;;;;;6;0;0;0;0;0;0;NaN NaN NaN NaN NaN NaN;681.6666666666666;737;634;36.04010112206802;NaN;"[[686],[640],[685],[708],[634],[737]]"
interactive-short-6;1;true;Unexpected "!" at position 0 in state STOP;6;;;;;;6;0;0;0;0;0;0;NaN NaN NaN NaN NaN NaN;;;;;NaN;
interactive-short-6;2;true;Unexpected "!" at position 0 in state STOP;6;;;;;;6;0;0;0;0;0;0;NaN NaN NaN NaN NaN NaN;;;;;NaN;
interactive-short-6;3;true;Unexpected "!" at position 0 in state STOP;6;;;;;;6;0;0;0;0;0;0;NaN NaN NaN NaN NaN NaN;1119.3333333333333;1273;751;188.57860135468414;NaN;"[[1205],[751],[1273],[1255],[1235],[997]]"
interactive-short-6;4;true;Unexpected "!" at position 0 in state STOP;6;;;;;;6;0;0;0;0;0;0;NaN NaN NaN NaN NaN NaN;;;;;NaN;
interactive-short-7;0;true;Unexpected "!" at position 0 in state STOP;6;;;;;;6;0;0;0;0;0;0;NaN NaN NaN NaN NaN NaN;;;;;NaN;
interactive-short-7;1;true;Unexpected "!" at position 0 in state STOP;6;;;;;;6;0;0;0;0;0;0;NaN NaN NaN NaN NaN NaN;;;;;NaN;
interactive-short-7;2;true;Unexpected "!" at position 0 in state STOP;6;;;;;;6;0;0;0;0;0;0;NaN NaN NaN NaN NaN NaN;38440.6;41209;33675;2575.5944245940586;NaN;"[[39114],[39958],[41209],[33675],[38247]]"
interactive-short-7;3;true;Unexpected "!" at position 0 in state STOP;6;;;;;;6;0;0;0;0;0;0;NaN NaN NaN NaN NaN NaN;;;;;NaN;
interactive-short-7;4;true;Unexpected "!" at position 0 in state STOP;6;;;;;;6;0;0;0;0;0;0;NaN NaN NaN NaN NaN NaN;;;;;NaN;
